Sat Aug 15 12:52:33 +0000 2020	1294617979511070721	1294617979511070721	LAST POST: Get church ready in this polka dot beauty. Lagos is opening up! Lockdown is over!üíÉüèΩüíÉüèΩüíÉüèΩ‚Ä¶ https://t.co/s6Up2wx4nB	True	<a href="http://instagram.com" rel="nofollow">Instagram</a>	None	None	None	None	None	None	None	None	None	1286085715521081345	1286085715521081345	Garage Sales Lagos	garagesales_lag	Lagos, Nigeria	Declutter, Sort, Sell! New üéÄ and pre‚ù§Ô∏è designer fashion items üëúüëóüë† at bargain prices. We are the bargain shopper‚Äôs paradise! @garagesales_lagos - IG‚†Ä	NULL	NULL	NULL	NULL	NULL	NULL	NULL	NULL	NULL	NULL	NULL	NULL	NULL	NULL	en
Sat Jun 27 15:01:45 +0000 2020	1276893486344736770	1276893486344736770	MEDIA CLIENT: PETER OKOYE AND FAMILY SURVIVE COVID-19, WARNS THE... https://t.co/fBwYvVFcm4 #Dortmund‚Ä¶ https://t.co/tbbL8G6WL0	True	<a href="https://mobile.twitter.com" rel="nofollow">Twitter Web App</a>	None	None	None	None	None	None	None	None	None	301419316	301419316	Gbola Cole	GbolaFash3	Ibadan, Nigeria	Media	NULL	NULL	NULL	NULL	NULL	NULL	NULL	NULL	NULL	NULL	NULL	NULL	NULL	NULL	en
Sat Jun 13 15:31:16 +0000 2020	1271827485940948992	1271827485940948992	COVID-19:Lagos State government set to reopen Scools.https://t.co/tfO3QD6oFU	False	<a href="http://twitter.com/download/android" rel="nofollow">Twitter for Android</a>	None	None	None	None	None	None	None	None	None	1101754315071541248	1101754315071541248	Nguimbis andro philippo	NguimbisP	None	None	NULL	NULL	NULL	NULL	NULL	NULL	NULL	NULL	NULL	NULL	NULL	NULL	NULL	NULL	en
Fri Jun 12 08:27:56 +0000 2020	1271358560979619841	1271358560979619841	All symptoms should be taken seriously. COVID is spreading very fast. Don't loose gaurd Peeps #COVIDLAGOS	False	<a href="http://twitter.com/download/android" rel="nofollow">Twitter for Android</a>	None	None	None	None	None	None	None	None	None	134457287	134457287	Pappy	P_Ladega	Lagos, Nigeria	God above all| Family üë™ | Arts | + Outlook | Reserved | Foodie | Royal| Networking| Lagosian#Global Citizen.	NULL	NULL	NULL	NULL	NULL	NULL	NULL	NULL	NULL	NULL	NULL	NULL	NULL	NULL	en
Fri Jun 12 06:31:53 +0000 2020	1271329357819031553	1271329357819031553	Bankable Businessplan ,Proposals, Company profile , Market Research, Financial Plan , Feasibility studies ,Gr‚Ä¶ https://t.co/KzAuKvgU6s	True	<a href="http://twitter.com/download/android" rel="nofollow">Twitter for Android</a>	None	None	None	None	None	None	None	None	None	924716773148168192	924716773148168192	Edward Esene (Headworld)	EdwardEsene2	Everywhere	Startup Coach | Mgt & Dev Consultant | Digital Expert | TechPreneur | Mentor | Impact Investor I Snr. Consultant @KineticNG | Co-Founder @PlusIncubationHUB	NULL	NULL	NULL	NULL	NULL	NULL	NULL	NULL	NULL	NULL	NULL	NULL	NULL	NULL	en
Mon Jun 08 07:06:32 +0000 2020	1269888525702508546	1269888525702508546	The pipu are not observing social distancing,yet transportation is very high in Lagos,imagine from alagbado to Oshodi 900naira#Covidlagos#	False	<a href="http://twitter.com/download/android" rel="nofollow">Twitter for Android</a>	None	None	None	None	None	None	None	None	None	3860625501	3860625501	claudiojay	claudiojayz6	Lagos,Nigeria	I'm good at being bad and bad at being good.	NULL	NULL	NULL	NULL	NULL	NULL	NULL	NULL	NULL	NULL	NULL	NULL	NULL	NULL	en
Fri May 29 00:38:02 +0000 2020	1266166875995754501	1266166875995754501	Anti-covid automatic full body Disinfection spray 08055511444sales@gatesandtunnels.com#covidlagos #covid‚Ä¶ https://t.co/4VsfOoWsa0	True	<a href="http://instagram.com" rel="nofollow">Instagram</a>	None	None	None	None	None	None	None	None	None	1265738106562641921	1265738106562641921	gatesandtunnels	gatesandtunnels	None	Curtailing the spread of infection in every space	NULL	NULL	NULL	NULL	NULL	NULL	NULL	NULL	NULL	NULL	NULL	NULL	NULL	NULL	en
Mon May 11 10:19:36 +0000 2020	1259790252102815750	1259790252102815750	The buses are loading full passengers as against what LASG instructed. A LOT of people are not masked walking the s‚Ä¶ https://t.co/6w29Ob1Njn	True	<a href="http://twitter.com/download/android" rel="nofollow">Twitter for Android</a>	None	None	None	None	None	None	None	None	None	42419913	42419913	Yele of LIFE	IAmOluYele	Lagos, Nigeria	iPastor| iOAP| iSexualPurityAdvocate| iLifeCoach| iRelationshipCoach iPlusSizeFashionEntrepreneur| iLoverOfGreatFun| iJesusLoverAnd Worshipper|	NULL	NULL	NULL	NULL	NULL	NULL	NULL	NULL	NULL	NULL	NULL	NULL	NULL	NULL	en
Mon May 11 09:03:56 +0000 2020	1259771209450844161	1259771209450844161	Related Instagram tags for #CovidLagos: #lekkiwives #lagoslockdown #lagosmums #thriftlagos #lagosmua #lagosmummies #lagosmoms	False	<a href="http://tagify.io" rel="nofollow">Tagify.io</a>	None	None	None	None	None	None	None	None	None	2560654496	2560654496	Tagify.io	tagifyio	Seattle, WA	None	NULL	NULL	NULL	NULL	NULL	NULL	NULL	NULL	NULL	NULL	NULL	NULL	NULL	NULL	en
Sun May 10 11:59:57 +0000 2020	1259453117067919365	1259453117067919365	This Is Where You Can Do COVID-19 Test In Lagos - https://t.co/JJZv2K7sZt#TachaTheGameChanger #OlamideBaddo #COVID19 #covidlagos	False	<a href="http://twitter.com" rel="nofollow">Twitter Web Client</a>	None	None	None	None	None	None	None	None	None	418763601	418763601	bayoakinloye	bayoakinloye	lagos, nigeria	Writer. Reporter. Poet.	NULL	NULL	NULL	NULL	NULL	NULL	NULL	NULL	NULL	NULL	NULL	NULL	NULL	NULL	en
Sun May 10 06:29:18 +0000 2020	1259369907357208576	1259369907357208576	WHAT IF?.My heart is troubled as there's nothing impossible. Can we delibrate on the matter? ..#covidlagos‚Ä¶ https://t.co/Z6emYFLsEK	True	<a href="http://instagram.com" rel="nofollow">Instagram</a>	None	None	None	None	None	None	None	None	None	616808142	616808142	‚ôö UnBoxx Inc. ‚ôö	unboxxinc	Lagos, Nigeria	Sports, Music & General Entertainment Consult, Management, Talents Booking, Events & PR Agency. ‚úâ: unboxxinc@gmail.com | Whatsapp: 07033935811 | ‚òé: 07033935811	NULL	NULL	NULL	NULL	NULL	NULL	NULL	NULL	NULL	NULL	NULL	NULL	NULL	NULL	en
Fri May 08 11:20:16 +0000 2020	1258718357651668993	1258718357651668993	This project was made possible through the support from @AllonEnergy solar relief fund for energy healthcare in Nig‚Ä¶ https://t.co/P2AFv3MIYU	True	<a href="http://twitter.com/download/iphone" rel="nofollow">Twitter for iPhone</a>	1258718226139230214	1258718226139230214	892048480323211264	892048480323211264	LumosNigeria	None	None	None	None	892048480323211264	892048480323211264	Lumos Nigeria	LumosNigeria	Nigeria	Reliable, accessible and clean solar power that enables prosperity and improves everyday livelihoods.	NULL	NULL	NULL	NULL	NULL	NULL	NULL	NULL	NULL	NULL	NULL	NULL	NULL	NULL	en
Thu May 07 22:31:05 +0000 2020	1258524784448528384	1258524784448528384	CovidLagos	False	<a href="http://twitter.com/download/android" rel="nofollow">Twitter for Android</a>	None	None	None	None	None	None	None	None	None	1474265047	1474265047	Abassüëë	abassidoo	None	Arsenalü¶Ö	NULL	NULL	NULL	NULL	NULL	NULL	NULL	NULL	NULL	NULL	NULL	NULL	NULL	NULL	tl
Thu May 07 16:31:30 +0000 2020	1258434293292032002	1258434293292032002	#ForaCOVIDFreeLagos #Savelives #Stayhomestaysafe #EasingTheLockdown #COVIDNigeria #COVIDLagos	False	<a href="http://twitter.com/download/iphone" rel="nofollow">Twitter for iPhone</a>	1258434178779099141	1258434178779099141	892048480323211264	892048480323211264	LumosNigeria	None	None	None	None	892048480323211264	892048480323211264	Lumos Nigeria	LumosNigeria	Nigeria	Reliable, accessible and clean solar power that enables prosperity and improves everyday livelihoods.	NULL	NULL	NULL	NULL	NULL	NULL	NULL	NULL	NULL	NULL	NULL	NULL	NULL	NULL	und
Thu May 07 08:30:22 +0000 2020	1258313209557245952	1258313209557245952	One unread mail could chage the story stay real Get branded by us Whatsapp 08139075362#davidoday#ncdc#covid19‚Ä¶ https://t.co/uQfpMUcaYL	True	<a href="https://mobile.twitter.com" rel="nofollow">Twitter Web App</a>	None	None	None	None	None	None	None	None	None	978311584014651392	978311584014651392	Xclusivejays	johnojays	Lagos, Nigeria	We are into branded shirt IG ojayconcept reach us @ 08139075362	NULL	NULL	NULL	NULL	NULL	NULL	NULL	NULL	NULL	NULL	NULL	NULL	NULL	NULL	en
Tue May 05 14:47:08 +0000 2020	1257683250190995456	1257683250190995456	Join the ‚Å¶@AAdeduntan‚Å© CEO ‚Å¶@FirstBankngr‚Å© on the #CACOVID Instagram Live today Tuesday, 05 May 2020, by 5pm, as he‚Ä¶ https://t.co/4AQuUGKTSq	True	<a href="http://twitter.com/download/iphone" rel="nofollow">Twitter for iPhone</a>	None	None	None	None	None	None	None	None	None	174588295	174588295	Oze Kalu Oze	Ozedism	None	Ecclectic scholar. Corporate Writer. Speech Writer. Editor. Proofreader. Publications Manager. Conference Producer. Librarian. Historian. Bible student.	NULL	NULL	NULL	NULL	NULL	NULL	NULL	NULL	NULL	NULL	NULL	NULL	NULL	NULL	en
Thu Apr 30 19:38:52 +0000 2020	1255944728547414022	1255944728547414022	Reposted from @khodedwears Lovely#Mask4all#KHODEDWEARS#innovation_KHODEDWEARS #innovationatkhodedwears‚Ä¶ https://t.co/4MDiP8Rbbc	True	<a href="http://instagram.com" rel="nofollow">Instagram</a>	None	None	None	None	None	None	None	None	None	109258490	109258490	KHODEDWEARS	KHODEDWEARS	lkorodu, Nigeria	None	NULL	NULL	NULL	NULL	NULL	NULL	NULL	NULL	NULL	NULL	NULL	NULL	NULL	NULL	en
Wed Apr 29 11:27:32 +0000 2020	1255458694973870080	1255458694973870080	@danomilk_ng @lagosfoodbank Hello there, we'd be glad to work with you to aid the distribution of this relief packa‚Ä¶ https://t.co/ASwHUbRgtf	True	<a href="http://twitter.com/download/android" rel="nofollow">Twitter for Android</a>	1250004598150049792	1250004598150049792	886936153001250819	886936153001250819	danomilk_ng	None	None	None	None	1250467330209001474	1250467330209001474	FoodReliefNG	FoodReliefNG	Lagos, Nigeria	FoodReliefNG.A nonprofit initiative committed to fighting hunger during the #COVID19 pandemic in Lagos.#ZeroHunger #FoodReliefNG ||üì©: FoodReliefNG@gmail.com	NULL	NULL	NULL	NULL	NULL	NULL	NULL	NULL	NULL	NULL	NULL	NULL	NULL	NULL	en
Tue Apr 28 22:58:06 +0000 2020	1255270094273380355	1255270094273380355	As part of our corporate social responsibility, INYENE CUTS is supporting the Lagos State Government(@followlasg) t‚Ä¶ https://t.co/DHsFL645A2	True	<a href="http://twitter.com/download/iphone" rel="nofollow">Twitter for iPhone</a>	None	None	None	None	None	None	None	None	None	807745117	807745117	Inyene victoria	Vicyens	Lagos, Nigeria	Certified Journalist üìùüì∞ 21st Century Digital Marketerüí°‚úí, Content Writer, Media buyer, Bespoke Tailorüëñüëó Part-time Bloggerüåç Student of life üíØ.	NULL	NULL	NULL	NULL	NULL	NULL	NULL	NULL	NULL	NULL	NULL	NULL	NULL	NULL	en
Tue Apr 28 21:46:52 +0000 2020	1255252164055838726	1255252164055838726	There is nothing more painful than getting robbed and intimidated and knowing deep down, the perpetrators will get‚Ä¶ https://t.co/Nrh9hOXJiI	True	<a href="http://twitter.com/download/iphone" rel="nofollow">Twitter for iPhone</a>	None	None	None	None	None	None	None	None	None	290446079	290446079	aGirl Like Her	GirlLikeHer	Nigeria	Meet your 21st Century phantom woman...	NULL	NULL	NULL	NULL	NULL	NULL	NULL	NULL	NULL	NULL	NULL	NULL	NULL	NULL	en
Tue Apr 28 20:00:10 +0000 2020	1255225315519070211	1255225315519070211	Ooni Of Ife Donates 3 Motorized Fumigators, Drone Sprinkler To Lagos State Government https://t.co/4wVEBVlqZp‚Ä¶ https://t.co/4tDUQ2H40b	True	<a href="http://twitter.com" rel="nofollow">Twitter Web Client</a>	None	None	None	None	None	None	None	None	None	830012616047226880	830012616047226880	AutoReportNG	AutoReportNG	Lagos, Nigeria	Giving you the best in Automobile reportage, roads, transportation, rails and anything related to mobility. We verify all news to make the truth out of them	NULL	NULL	NULL	NULL	NULL	NULL	NULL	NULL	NULL	NULL	NULL	NULL	NULL	NULL	en
Mon Apr 27 08:11:58 +0000 2020	1254684702184783873	1254684702184783873	Our medical heroes! God bless them. #lockdown #Covid_19 #covidsafe #latestoncovid #covidlagos https://t.co/9CLTqIb9iI	False	<a href="http://twitter.com/download/android" rel="nofollow">Twitter for Android</a>	None	None	None	None	None	None	None	None	None	1243235882678788099	1243235882678788099	Okechukwu	primeokey	None	life's adventures is the fun of it	NULL	NULL	NULL	NULL	NULL	NULL	NULL	NULL	NULL	NULL	NULL	NULL	NULL	NULL	en
Fri Apr 24 18:34:39 +0000 2020	1253754240213934080	1253754240213934080	The OK food engineer, why are we like this? His wife came from UK, refused to quarantine &amp; the man was going to wor‚Ä¶ https://t.co/rcTGCN58aW	True	<a href="http://twitter.com/download/android" rel="nofollow">Twitter for Android</a>	None	None	None	None	None	None	None	None	None	272870620	272870620	EclipsePower ProjectOfficer	pupptee	Federal Capital Territory, Nig	Project Officer @Eclipsepowerng on Renewable Energy (Inverter , Battery, Solar panels and streetlight Installation). Give us a call on 08025035303, 08130079392	NULL	NULL	NULL	NULL	NULL	NULL	NULL	NULL	NULL	NULL	NULL	NULL	NULL	NULL	en
Fri Apr 24 06:08:23 +0000 2020	1253566437500825600	1253566437500825600	Ramadan Kareem to all our Muslim brothers and sisters. May all your Duaas be accepted. #COVID19‚Ä¶ https://t.co/QUCHDKvo6E	True	<a href="http://twitter.com/download/iphone" rel="nofollow">Twitter for iPhone</a>	1253566434971615238	1253566434971615238	167386433	167386433	drbellanifemi	None	None	None	None	167386433	167386433	bellanifemi	drbellanifemi	Nigeria	Sapiosexual üìíüìöüìóüìòüìôLipstick Addict üëÑüíãüíÑüíÑMedical doctor üë©‚Äç‚öïÔ∏èüè•üöëüíâüíä	NULL	NULL	NULL	NULL	NULL	NULL	NULL	NULL	NULL	NULL	NULL	NULL	NULL	NULL	en
Mon Apr 20 20:25:19 +0000 2020	1252332541803139073	1252332541803139073	@jidesanwoolu @drobafemihamzat @followlasg @Tutsy22 @Gidi_Traffic @Gidi_Traffic @TrafficChiefNG @followlasg‚Ä¶ https://t.co/j7aixB9n1a	True	<a href="http://twitter.com/download/iphone" rel="nofollow">Twitter for iPhone</a>	None	None	198084264	198084264	jidesanwoolu	None	None	None	None	947198621660872705	947198621660872705	kilode	Kilodeoh	Lagos, Nigeria	Social commentator on Nigeria issues.	NULL	NULL	NULL	NULL	NULL	NULL	NULL	NULL	NULL	NULL	NULL	NULL	NULL	NULL	en
Tue Apr 14 23:23:21 +0000 2020	1250203017778954240	1250203017778954240	@Mr_JAGss @wascolee @deedee8211 More injury to #COVID19Nigeria #covidlagos #COVID19Lagos , another contract for pho‚Ä¶ https://t.co/8RfxxRvpbY	True	<a href="http://twitter.com/download/android" rel="nofollow">Twitter for Android</a>	1250170652952313863	1250170652952313863	1240349321637367808	1240349321637367808	Mr_JAGss	None	None	None	None	4310756841	4310756841	markmorphys	markmorphys2	Beach House,Lagos, Nigeria	I'm Affable, Dutiful, Intuitive, Pliable, Pious, Receptive, Vigorous and Venturesome ‚ò∫ üòÅ üíã	NULL	NULL	NULL	NULL	NULL	NULL	NULL	NULL	NULL	NULL	NULL	NULL	NULL	NULL	en
Mon Apr 13 09:04:15 +0000 2020	1249624430776586241	1249624430776586241	There is hunger on the land #LagosFoodRelief  #lagoslockdown  #RRS #Nigeriapolice #NCDC#covidLagos Lagos  state sh‚Ä¶ https://t.co/90FZrp0kpG	True	<a href="http://twitter.com/download/android" rel="nofollow">Twitter for Android</a>	None	None	None	None	None	None	None	None	None	798552768776638464	798552768776638464	Shogbiyanju Lahteev	Masterthaiwo	Lagos	Music	NULL	NULL	NULL	NULL	NULL	NULL	NULL	NULL	NULL	NULL	NULL	NULL	NULL	NULL	en
Wed Apr 08 10:34:04 +0000 2020	1247835091088392192	1247835091088392192	*... and this is our very first remote role ...*#Covid-19 forced our metamorphosis ...... We THRIVE in AUSTERIT‚Ä¶ https://t.co/FQPFW3Hx6P	True	<a href="http://instagram.com" rel="nofollow">Instagram</a>	None	None	None	None	None	None	None	None	None	122280832	122280832	bade adesemowo	badesemowo	Lagos, Nigeria	Best Use of Technology, ICT, Consulting, Visionary, Innovator, Inventor, Christian, Leader, Minister, Keeping the Faith!WhatsApp: +2348098899883	NULL	NULL	NULL	NULL	NULL	NULL	NULL	NULL	NULL	NULL	NULL	NULL	NULL	NULL	en
Tue Apr 07 19:43:10 +0000 2020	1247610890096119810	1247610890096119810	So Gbadamosi will be convicted along side Funke and his political ambitions will go down the drain.His plans for 2‚Ä¶ https://t.co/AB2bFGqLSp	True	<a href="http://twitter.com/download/iphone" rel="nofollow">Twitter for iPhone</a>	None	None	None	None	None	None	None	None	None	2850134667	2850134667	Dozie Dim	deffdim	None	Father of 4 #Husband #Engineer MNSE #Farmer #Entrepreneur #ABUSITE #LONDONMET #Catholic #MUFC Views are totally mine, RTs NOT Endorsement	NULL	NULL	NULL	NULL	NULL	NULL	NULL	NULL	NULL	NULL	NULL	NULL	NULL	NULL	en
Tue Apr 07 09:08:55 +0000 2020	1247451277166104576	1247451277166104576	@jidesanwoolu so many cars on the third mainland bridge. We need to get some people arrested and charged to court.‚Ä¶ https://t.co/Nv8wVOsexE	True	<a href="http://twitter.com/download/android" rel="nofollow">Twitter for Android</a>	None	None	198084264	198084264	jidesanwoolu	None	None	{'id': '00817d75276a95cf', 'url': 'https://api.twitter.com/1.1/geo/id/00817d75276a95cf.json', 'place_type': 'city', 'name': 'Lagos', 'full_name': 'Lagos, Nigeria', 'country_code': 'NG', 'country': 'Nigeria', 'bounding_box': {'type': 'Polygon', 'coordinates': [[[3.213147, 6.427886], [3.213147, 6.558339], [3.464064, 6.558339], [3.464064, 6.427886]]]}, 'attributes': {}}	None	2724421014	2724421014	√Är·∫πÃÄm√∫ Ad√©·ªçl√° Jr.	aremuadeolajr	lagos,nigeria	Linguist | Writer. Terminology Mgt. @TranslatorsWB | Inventor @LingoYooba | Lexicographer @YorubaWords, @YorubaNames.	00817d75276a95cf	https://api.twitter.com/1.1/geo/id/00817d75276a95cf.json	city	Lagos	Lagos, Nigeria	NG	Nigeria	NULL	Polygon	[[[3.213147, 6.427886], [3.213147, 6.558339], [3.464064, 6.558339], [3.464064, 6.427886]]]	NULL	NULL	NULL	NULL	en
Mon Apr 06 16:39:12 +0000 2020	1247202205037465602	1247202205037465602	VIDEO: This is absolute madness. Where‚Äôs the lockdown in this, please? @jidesanwoolu @ProfAkinAbayomi. Today,‚Ä¶ https://t.co/shXsb0r6Wx	True	<a href="http://twitter.com/download/iphone" rel="nofollow">Twitter for iPhone</a>	None	None	None	None	None	None	None	None	None	251165990	251165990	Olabode Owoeye	BodeOwoeye	Nigeria	Liberal Democrat | Founder/CEO AllPrint | Military Hardware & Software Solution | Web Intelligence | Identity & Document Mgt Expert | Tweets for 1Naija	NULL	NULL	NULL	NULL	NULL	NULL	NULL	NULL	NULL	NULL	NULL	NULL	NULL	NULL	en
Sat Apr 04 22:21:09 +0000 2020	1246563483027636224	1246563483027636224	Thanks everyone. Aunty @Jeffahchukwuma made a call on our behalf and they have sent an Ambulance to pick her up f‚Ä¶ https://t.co/kHJFlgD0EH	True	<a href="http://twitter.com/download/android" rel="nofollow">Twitter for Android</a>	None	None	None	None	None	None	None	None	None	181301652	181301652	#GetTalkingwithEsther	EstherIjewere	Lagos, Nigeria	Fellow @VitalVoices | Columnist @GuardianNigeria| Host - #GetTalkingwithEsther | Social Activist | Convener @womenofrubies | @WalkagainstRape | @Menwhoinspire	NULL	NULL	NULL	NULL	NULL	NULL	NULL	NULL	NULL	NULL	NULL	NULL	NULL	NULL	en
Sat Apr 04 22:20:27 +0000 2020	1246563309995921410	1246563309995921410	Thanks everyone. Aunty @Jeffahchukwuma made a call on our behalf and they have sent an Ambulance to pick her up f‚Ä¶ https://t.co/wDtaPMbh2m	True	<a href="http://twitter.com/download/android" rel="nofollow">Twitter for Android</a>	None	None	None	None	None	None	None	None	None	181301652	181301652	#GetTalkingwithEsther	EstherIjewere	Lagos, Nigeria	Fellow @VitalVoices | Columnist @GuardianNigeria| Host - #GetTalkingwithEsther | Social Activist | Convener @womenofrubies | @WalkagainstRape | @Menwhoinspire	NULL	NULL	NULL	NULL	NULL	NULL	NULL	NULL	NULL	NULL	NULL	NULL	NULL	NULL	en
Sat Apr 04 13:24:02 +0000 2020	1246428315499614209	1246428315499614209	Nigerians with  American passport returns back to USA. Power of Dual citizenship!!!. Let's wish them goodluck.‚Ä¶ https://t.co/9DyQjeAa6v	True	<a href="http://instagram.com" rel="nofollow">Instagram</a>	None	None	None	None	None	None	None	None	None	753232255645052928	753232255645052928	Flygo Travels	FlygoIntl	Lagos, Nigeria	The official twitter account of Flygo International. The Africa's Premiere Travel Agency. #StudyAbroad #Immigration #Visa #TourManager #TravelLoan	NULL	NULL	NULL	NULL	NULL	NULL	NULL	NULL	NULL	NULL	NULL	NULL	NULL	NULL	en
Sat Apr 04 11:15:16 +0000 2020	1246395908339773440	1246395908339773440	That is a crime. After recovering, that person should be given some form of punishment #CovidOsun #CovidLagos https://t.co/KDV9nq7jEH	False	<a href="http://twitter.com/download/iphone" rel="nofollow">Twitter for iPhone</a>	None	None	None	None	None	None	None	{'id': 'c5d6f8cac1a9be34', 'url': 'https://api.twitter.com/1.1/geo/id/c5d6f8cac1a9be34.json', 'place_type': 'country', 'name': 'Senegal', 'full_name': 'Senegal', 'country_code': 'SN', 'country': 'Senegal', 'bounding_box': {'type': 'Polygon', 'coordinates': [[[-17.530249, 12.306719], [-17.530249, 16.692636], [-11.346212, 16.692636], [-11.346212, 12.306719]]]}, 'attributes': {}}	None	1092080876	1092080876	Simon Peter Lokomo	LokomoPeter	Senegal	I publish FULLY FUNDED scholarships for International students to study in Europe, USA, Asia, Australia & Canada. I DM FREE IELTS Preparation Materials üá∫üá¨	c5d6f8cac1a9be34	https://api.twitter.com/1.1/geo/id/c5d6f8cac1a9be34.json	country	Senegal	Senegal	SN	Senegal	NULL	Polygon	[[[-17.530249, 12.306719], [-17.530249, 16.692636], [-11.346212, 16.692636], [-11.346212, 12.306719]]]	NULL	NULL	NULL	NULL	en
Sat Apr 04 10:06:45 +0000 2020	1246378665681866752	1246378665681866752	Medical Protective Gear Available in large quantities. Reach out. #CovidNGR #Covid19 #CovidNigeria #CovidLagos‚Ä¶ https://t.co/rekB7B3JSG	True	<a href="http://twitter.com/download/android" rel="nofollow">Twitter for Android</a>	None	None	None	None	None	None	None	None	None	2990130897	2990130897	Chukwude Victor	Victorcee4	None	None	NULL	NULL	NULL	NULL	NULL	NULL	NULL	NULL	NULL	NULL	NULL	NULL	NULL	NULL	en
Sat Apr 04 10:02:22 +0000 2020	1246377565897490433	1246377565897490433	Medical Protective Gear Available in large quantities. Reach out. #CovidNGR #Covid19 #CovidNigeria #CovidLagos‚Ä¶ https://t.co/E9fwsouKbD	True	<a href="http://twitter.com/download/android" rel="nofollow">Twitter for Android</a>	None	None	None	None	None	None	None	None	None	2990130897	2990130897	Chukwude Victor	Victorcee4	None	None	NULL	NULL	NULL	NULL	NULL	NULL	NULL	NULL	NULL	NULL	NULL	NULL	NULL	NULL	en
Fri Apr 03 09:45:21 +0000 2020	1246010892342513664	1246010892342513664	@followlasg Seals Up #Agege Central Mosque For Violating State‚Äôs Order On Religious Gathering -‚Ä¶ https://t.co/CkOaELpxd7	True	<a href="http://twitter.com" rel="nofollow">Twitter Web Client</a>	None	None	957547182	957547182	followlasg	None	None	None	None	830012616047226880	830012616047226880	AutoReportNG	AutoReportNG	Lagos, Nigeria	Giving you the best in Automobile reportage, roads, transportation, rails and anything related to mobility. We verify all news to make the truth out of them	NULL	NULL	NULL	NULL	NULL	NULL	NULL	NULL	NULL	NULL	NULL	NULL	NULL	NULL	en
Wed Apr 01 16:37:33 +0000 2020	1245389850892800001	1245389850892800001	HAPPY NEW MONTH!..To all the Healthcare workers on the front line of this Pandemic we say, THANK YOU! ..‚Ä¶ https://t.co/pLq4289txj	True	<a href="http://instagram.com" rel="nofollow">Instagram</a>	None	None	None	None	None	None	None	None	None	975722247854927872	975722247854927872	Nigerian Institute Of Journalism	official_NIJ	Lagos, Nigeria	None	NULL	NULL	NULL	NULL	NULL	NULL	NULL	NULL	NULL	NULL	NULL	NULL	NULL	NULL	en
Wed Apr 01 14:30:38 +0000 2020	1245357912937172993	1245357912937172993	So I gave my little support of 100 thousand naira #covidlagos...timgodfreyworldAnd @topealabi01  blessings all the‚Ä¶ https://t.co/we6iJscHhk	True	<a href="http://instagram.com" rel="nofollow">Instagram</a>	None	None	None	None	None	None	None	None	None	2333524653	2333524653	Lawrence DeCovenant	Decovenant	United States	We are chosen to deliver true worship to the church and world at large, with Proof! Every genuine worship commits God in the scene. http://youtu.be/13EPMXDX6J0	NULL	NULL	NULL	NULL	NULL	NULL	NULL	NULL	NULL	NULL	NULL	NULL	NULL	NULL	en
Tue Mar 31 20:53:06 +0000 2020	1245091774776971269	1245091774776971269	PRESS STATEMENT BY THE INCIDENT COMMANDER, Mr @jidesanwoolu DAY ONE OF THE RESTRICTIONLagosians  experienced to‚Ä¶ https://t.co/oRrwywrxa3	True	<a href="http://twitter.com/download/iphone" rel="nofollow">Twitter for iPhone</a>	None	None	None	None	None	None	None	None	None	1240349321637367808	1240349321637367808	Gawat Jubril A.	Mr_JAGss	Lagos, Nigeria	Senior Special Assistant (SSA) to the Governor of Lagos State on New Media .. Active Citizen (Online & Offline).. LAGOS Blood| Oko Aisha ‚ù§Ô∏è|	NULL	NULL	NULL	NULL	NULL	NULL	NULL	NULL	NULL	NULL	NULL	NULL	NULL	NULL	en
Mon Mar 30 15:46:34 +0000 2020	1244652244529819648	1244652244529819648	My country...People are dying but we still want to inaugurate the isolation centre. üò¢So if their family members‚Ä¶ https://t.co/4nYzfDGpdw	True	<a href="https://mobile.twitter.com" rel="nofollow">Twitter Web App</a>	None	None	None	None	None	None	None	None	None	219124239	219124239	Mama Ekene's First Born	ekene_jacob	~¬§ Center of the Earth ¬§~	Lover of GOD | Seeker of Knowledge/Wisdom | Gospel/Motivational Singer | Graphics Designer | Web Designer | Software Developer | He loves Retweeting too...	NULL	NULL	NULL	NULL	NULL	NULL	NULL	NULL	NULL	NULL	NULL	NULL	NULL	NULL	en
Sat Mar 28 13:23:07 +0000 2020	1243891369162280960	1243891369162280960	@lagcomyouth @followlasg @jidesanwoolu @drobafemihamzat The funds should be well spent and channel to the course at‚Ä¶ https://t.co/ZAEUsLR6Dy	True	<a href="http://twitter.com/download/android" rel="nofollow">Twitter for Android</a>	1243884221908869122	1243884221908869122	895023592966172673	895023592966172673	lagcomyouth	None	None	None	None	1091609939112538113	1091609939112538113	Omo Eyan 're	owoniyilb	None	I am trained with chemical & test tube, therein let no one Without this knowledge venture an opinion #Environment Enthusiast #GreenChemistry #SDG_AAttainment	NULL	NULL	NULL	NULL	NULL	NULL	NULL	NULL	NULL	NULL	NULL	NULL	NULL	NULL	en
Sat Mar 28 13:10:57 +0000 2020	1243888305986514945	1243888305986514945	@lagcomyouth @jidesanwoolu @ProfAkinAbayomi @JokeSanwoolu @NCDCgov @LSMOH Likewise, report from Ijora reads all is‚Ä¶ https://t.co/z1Y0HRJXNv	True	<a href="http://twitter.com/download/android" rel="nofollow">Twitter for Android</a>	1243834657831104512	1243834657831104512	895023592966172673	895023592966172673	lagcomyouth	None	None	None	None	1091609939112538113	1091609939112538113	Omo Eyan 're	owoniyilb	None	I am trained with chemical & test tube, therein let no one Without this knowledge venture an opinion #Environment Enthusiast #GreenChemistry #SDG_AAttainment	NULL	NULL	NULL	NULL	NULL	NULL	NULL	NULL	NULL	NULL	NULL	NULL	NULL	NULL	en
Sat Mar 28 13:07:20 +0000 2020	1243887395923206144	1243887395923206144	@lagcomyouth @jidesanwoolu @ProfAkinAbayomi @JokeSanwoolu @NCDCgov @LSMOH Nothing has been done so far around Ojoko‚Ä¶ https://t.co/Ka4O3E7XIV	True	<a href="http://twitter.com/download/android" rel="nofollow">Twitter for Android</a>	1243834657831104512	1243834657831104512	895023592966172673	895023592966172673	lagcomyouth	None	None	None	None	1091609939112538113	1091609939112538113	Omo Eyan 're	owoniyilb	None	I am trained with chemical & test tube, therein let no one Without this knowledge venture an opinion #Environment Enthusiast #GreenChemistry #SDG_AAttainment	NULL	NULL	NULL	NULL	NULL	NULL	NULL	NULL	NULL	NULL	NULL	NULL	NULL	NULL	en
Fri Mar 27 17:18:59 +0000 2020	1243588339862851584	1243588339862851584	There‚Äôs a new name in town for the virus guys. I just thought to keep you updated üòÅ#CoronavirusOutbreak‚Ä¶ https://t.co/z6bie471r5	True	<a href="http://twitter.com/download/iphone" rel="nofollow">Twitter for iPhone</a>	None	None	None	None	None	None	None	None	None	1173338586323804165	1173338586323804165	Esther Emerson	EstherEmerson_	Lagos, Nigeria	Real Estate Consultant. Journalist. Modest Foodie. Ibibio Woman. Life COACH (Relationship/emotional intelligence)	NULL	NULL	NULL	NULL	NULL	NULL	NULL	NULL	NULL	NULL	NULL	NULL	NULL	NULL	en
Fri Mar 27 00:47:34 +0000 2020	1243338841412505605	1243338841412505605	how has home been treating you during this isolation period...whats your home like?  #Paracleteprodution‚Ä¶ https://t.co/vRABKPy1T4	True	<a href="http://twitter.com/download/android" rel="nofollow">Twitter for Android</a>	None	None	None	None	None	None	None	None	None	1199447251539628033	1199447251539628033	DaraLee	DAdenipekun	Lagos, Nigeria	Dev & Design	NULL	NULL	NULL	NULL	NULL	NULL	NULL	NULL	NULL	NULL	NULL	NULL	NULL	NULL	en
Fri Mar 27 00:38:01 +0000 2020	1243336437854019586	1243336437854019586	StayHome StaySafeCOVID-19 Is Real#CoronaVirusInNigeria #COVID19Nigeria #COVIDlagos #BeSafeStayHome https://t.co/mXlj7w4HSm	False	<a href="https://mobile.twitter.com" rel="nofollow">Twitter Web App</a>	None	None	None	None	None	None	None	None	None	1243226325374119937	1243226325374119937	ùë®ùíÄùë∂ùëªùëØùë¨ùë∑ùë≥ùëºùëÆüîå	OMOTOHGBOLAHAN2	Nigeria	Upcoming Music Influencer|October Born|OOUitesüìö|üíØZinodicts|MIMüòá	NULL	NULL	NULL	NULL	NULL	NULL	NULL	NULL	NULL	NULL	NULL	NULL	NULL	NULL	en
Thu Mar 26 14:46:08 +0000 2020	1243187487066882048	1243187487066882048	You cover your nose with a handkerchief, they call you scared weirdo, don't feel bothered, people like them have go‚Ä¶ https://t.co/RDvIt2beXC	True	<a href="https://mobile.twitter.com" rel="nofollow">Twitter Web App</a>	None	None	None	None	None	None	None	None	None	179569010	179569010	FC Chelsea	CFCRuler	NJ, USA	#CFC #RiseAboveHate#NeverGiveUp	NULL	NULL	NULL	NULL	NULL	NULL	NULL	NULL	NULL	NULL	NULL	NULL	NULL	NULL	en
Thu Mar 26 11:03:55 +0000 2020	1243131564009144320	1243131564009144320	Stay safe wherever you are guys üá≥üá¨Sureimah caresGo follow us @Sureimah...#sureimah_ #sureimahcommunity‚Ä¶ https://t.co/fLh0eRwKCf	True	<a href="http://instagram.com" rel="nofollow">Instagram</a>	None	None	None	None	None	None	None	None	None	1212364226741723146	1212364226741723146	Sureimah	Sureimah	Abuja, Nigeria	A platform suitable for Advertising Business | Skills | Products and Services. |Digital Advertising| |web development| |Digital marketing Masterclass|	NULL	NULL	NULL	NULL	NULL	NULL	NULL	NULL	NULL	NULL	NULL	NULL	NULL	NULL	en
Thu Mar 26 07:13:29 +0000 2020	1243073571930472448	1243073571930472448	51 total confirmed cases in NigeriaCurrently;Lagos- 32FCT- 10Ogun- 3Ekiti- 1Oyo- 1Edo- 1Bauchi-1Osun-1Ri‚Ä¶ https://t.co/MWW58spGZa	True	<a href="http://twitter.com/download/android" rel="nofollow">Twitter for Android</a>	None	None	None	None	None	None	None	None	None	1223291868185812993	1223291868185812993	CoronaVirusNG	Covid19Lagos	None	Follow Covid19Lagos for info and updates on CoronaVirus in Nigeria#socialdistancing	NULL	NULL	NULL	NULL	NULL	NULL	NULL	NULL	NULL	NULL	NULL	NULL	NULL	NULL	es
Wed Mar 25 09:37:32 +0000 2020	1242747435711115264	1242747435711115264	46 total confirmed cases in NigeriaCurrently;Lagos- 30FCT- 8Ogun- 3Ekiti- 1Oyo- 1Edo- 1Bauchi-1Osun-1‚Ä¶ https://t.co/pSZrx2XCpU	True	<a href="http://twitter.com/download/android" rel="nofollow">Twitter for Android</a>	None	None	None	None	None	None	None	None	None	1223291868185812993	1223291868185812993	CoronaVirusNG	Covid19Lagos	None	Follow Covid19Lagos for info and updates on CoronaVirus in Nigeria#socialdistancing	NULL	NULL	NULL	NULL	NULL	NULL	NULL	NULL	NULL	NULL	NULL	NULL	NULL	NULL	es
Mon Mar 23 11:56:54 +0000 2020	1242057730854203392	1242057730854203392	How to secure yourself in a public bus especially the one that conveys you from the boarding-departure  gate exit t‚Ä¶ https://t.co/esarnUkL8Z	True	<a href="http://twitter.com/download/android" rel="nofollow">Twitter for Android</a>	None	None	None	None	None	None	None	{'id': '01c46739344ba9f6', 'url': 'https://api.twitter.com/1.1/geo/id/01c46739344ba9f6.json', 'place_type': 'admin', 'name': 'Federal Capital Territory', 'full_name': 'Federal Capital Territory, Nigeria', 'country_code': 'NG', 'country': 'Nigeria', 'bounding_box': {'type': 'Polygon', 'coordinates': [[[6.778614, 8.45044], [6.778614, 9.434527], [7.727478, 9.434527], [7.727478, 8.45044]]]}, 'attributes': {}}	None	52726405	52726405	Onye Ubanatu	onyeubanatu	Lagos state	I am passionate about inspiring the world with the African narrative.üèÜAward winning African Creative Entrepreneur, Content Producer, Strategic Event Producer.	01c46739344ba9f6	https://api.twitter.com/1.1/geo/id/01c46739344ba9f6.json	admin	Federal Capital Territory	Federal Capital Territory, Nigeria	NG	Nigeria	NULL	Polygon	[[[6.778614, 8.45044], [6.778614, 9.434527], [7.727478, 9.434527], [7.727478, 8.45044]]]	NULL	NULL	NULL	NULL	en
Mon Mar 23 09:58:50 +0000 2020	1242028019331579905	1242028019331579905	Happy new week.Pls stay safe...#covid_19#covidlagos @ Nigerian Institute of Journalism https://t.co/gKqObqmGNW	False	<a href="http://instagram.com" rel="nofollow">Instagram</a>	None	None	None	None	None	{'type': 'Point', 'coordinates': [6.63383866, 3.34339954]}	{'type': 'Point', 'coordinates': [3.34339954, 6.63383866]}	{'id': '01eddd9d0dbec2c8', 'url': 'https://api.twitter.com/1.1/geo/id/01eddd9d0dbec2c8.json', 'place_type': 'city', 'name': 'Ikeja', 'full_name': 'Ikeja, Nigeria', 'country_code': 'NG', 'country': 'Nigeria', 'bounding_box': {'type': 'Polygon', 'coordinates': [[[3.198942, 6.482676], [3.198942, 6.698546], [3.43719, 6.698546], [3.43719, 6.482676]]]}, 'attributes': {}}	None	975722247854927872	975722247854927872	Nigerian Institute Of Journalism	official_NIJ	Lagos, Nigeria	None	01eddd9d0dbec2c8	https://api.twitter.com/1.1/geo/id/01eddd9d0dbec2c8.json	city	Ikeja	Ikeja, Nigeria	NG	Nigeria	NULL	Polygon	[[[3.198942, 6.482676], [3.198942, 6.698546], [3.43719, 6.698546], [3.43719, 6.482676]]]	Point	[6.63383866, 3.34339954]	NULL	[3.34339954, 6.63383866]	en
Sun Mar 22 21:15:03 +0000 2020	1241835808539250693	1241835808539250693	NIGERIA: LAGOS Govt Orders Civil Servants to Work from Homehttps://t.co/WcuyDCbrqz@jidesanwoolu wants to restric‚Ä¶ https://t.co/Gfsk8Bs5WT	True	<a href="https://mobile.twitter.com" rel="nofollow">Twitter Web App</a>	None	None	None	None	None	None	None	None	None	418466184	418466184	Dayo Paul Oluwakoya	Daryourpaurll	NIGERIA/UNITED STATES	My works mirror Nigeria to the world. Kindly visit https://t.co/FlZm4x40mv for more of me. My digital multimedia skills make news consumption interesting.	NULL	NULL	NULL	NULL	NULL	NULL	NULL	NULL	NULL	NULL	NULL	NULL	NULL	NULL	en
Sat Mar 21 17:42:13 +0000 2020	1241419859638050816	1241419859638050816	@jidesanwoolu @drobafemihamzat @ProfAkinAbayomi now that the club and bars closure has gone into full effect, the n‚Ä¶ https://t.co/2Ass8oMGvE	True	<a href="http://twitter.com/download/android" rel="nofollow">Twitter for Android</a>	None	None	198084264	198084264	jidesanwoolu	None	None	None	None	79467763	79467763	TalentScout and NigerianInDubai	IfeanyiAbraham	Dubai, UAEüá¶üá™üá≥üá¨üá®üá¶	Nigerian expatriate living in Dubai|Comms Pro| Founder, http://NigeriansInDubai.com, WebInfluencers, Co-Founder, The Beverage Room, @KosherSpaces & a few others	NULL	NULL	NULL	NULL	NULL	NULL	NULL	NULL	NULL	NULL	NULL	NULL	NULL	NULL	en
Thu Mar 19 15:21:10 +0000 2020	1240659585595322376	1240659585595322376	I thought about this...it wasnt funny ü§î#covid19 #covidlagos https://t.co/m4CHS5NxU6	False	<a href="http://twitter.com/download/android" rel="nofollow">Twitter for Android</a>	None	None	None	None	None	None	None	None	None	1072547546613071872	1072547546613071872	manhasnoname	WriteKinx	Nigeria	I am just a character, bear with me.#WriteKinx	NULL	NULL	NULL	NULL	NULL	NULL	NULL	NULL	NULL	NULL	NULL	NULL	NULL	NULL	en
Thu Mar 19 07:17:49 +0000 2020	1240537947956338689	1240537947956338689	In Lagos, it feels like the calm before the storm.Please remember that Psalm 91:10 has preconditions in the Bible‚Ä¶ https://t.co/msoDqEFT0Q	True	<a href="http://instagram.com" rel="nofollow">Instagram</a>	None	None	None	None	None	None	None	None	None	122280832	122280832	bade adesemowo	badesemowo	Lagos, Nigeria	Best Use of Technology, ICT, Consulting, Visionary, Innovator, Inventor, Christian, Leader, Minister, Keeping the Faith!WhatsApp: +2348098899883	NULL	NULL	NULL	NULL	NULL	NULL	NULL	NULL	NULL	NULL	NULL	NULL	NULL	NULL	en
Tue Mar 17 11:12:03 +0000 2020	1239872119166709765	1239872119166709765	Shut down our airports!!!!!!! #COVIDLAGOS #CoronavirusOutbreak #CoronaVirusNigeria https://t.co/VoY6nmmN1L	False	<a href="http://twitter.com/download/iphone" rel="nofollow">Twitter for iPhone</a>	None	None	None	None	None	None	None	None	None	1106988604704870400	1106988604704870400	Adedoyin FineWine	adedoyinoke_	Lagos, Nigeria	aesthete;‚ôçÔ∏è, Psalm 23.	NULL	NULL	NULL	NULL	NULL	NULL	NULL	NULL	NULL	NULL	NULL	NULL	NULL	NULL	en
Fri Feb 28 00:49:41 +0000 2020	1233192512157868032	1233192512157868032	#Nigerians #Lagos #COVID19 #COVIDlagos #coronainLagos https://t.co/sSvEEW9zzi	False	<a href="https://mobile.twitter.com" rel="nofollow">Twitter Web App</a>	None	None	None	None	None	None	None	None	None	2294825693	2294825693	Cogito Ergo Sum	cogitoevents	*LONDON,LAGOS, ABUJA,ENUGU,PH 	We create event experiences the will give you sweet memories that will last you a lifetime. 0802766637308027665822	NULL	NULL	NULL	NULL	NULL	NULL	NULL	NULL	NULL	NULL	NULL	NULL	NULL	NULL	und
