Thu Oct 15 18:09:21 +0000 2020	1316803363753918465	1316803363753918465	I laugh in Covidüòπüòπ...Leave us alone oo.#EndPoliceBrutalityinNigeria #EndSarsNow #EndSWAT #covik19 https://t.co/QwlEul2twR	False	<a href="http://twitter.com/download/iphone" rel="nofollow">Twitter for iPhone</a>	None	None	None	None	None	None	None	{'id': '01c46739344ba9f6', 'url': 'https://api.twitter.com/1.1/geo/id/01c46739344ba9f6.json', 'place_type': 'admin', 'name': 'Federal Capital Territory', 'full_name': 'Federal Capital Territory, Nigeria', 'country_code': 'NG', 'country': 'Nigeria', 'bounding_box': {'type': 'Polygon', 'coordinates': [[[6.778614, 8.45044], [6.778614, 9.434527], [7.727478, 9.434527], [7.727478, 8.45044]]]}, 'attributes': {}}	None	908748871	908748871	Favour	Fay_vor11	abuja	Capricorn‚ôëÔ∏è Entrepreneur‚Ä¢‚Ä¢ IG @fay_vor	01c46739344ba9f6	https://api.twitter.com/1.1/geo/id/01c46739344ba9f6.json	admin	Federal Capital Territory	Federal Capital Territory, Nigeria	NG	Nigeria	NULL	Polygon	[[[6.778614, 8.45044], [6.778614, 9.434527], [7.727478, 9.434527], [7.727478, 8.45044]]]	NULL	NULL	NULL	NULL	en
Wed Jul 08 08:38:16 +0000 2020	1280783248478609409	1280783248478609409	By the way.....  Nigeria airport prepare to resumes todayüëÜüèæ note new rules as regards #COVIK19 Protocol ‚úäüèΩ_‚Ä¶ https://t.co/TuyNSC5uWC	True	<a href="http://instagram.com" rel="nofollow">Instagram</a>	None	None	None	None	None	{'type': 'Point', 'coordinates': [6.45306, 3.39583]}	{'type': 'Point', 'coordinates': [3.39583, 6.45306]}	{'id': '00817d75276a95cf', 'url': 'https://api.twitter.com/1.1/geo/id/00817d75276a95cf.json', 'place_type': 'city', 'name': 'Lagos', 'full_name': 'Lagos, Nigeria', 'country_code': 'NG', 'country': 'Nigeria', 'bounding_box': {'type': 'Polygon', 'coordinates': [[[3.213147, 6.427886], [3.213147, 6.558339], [3.464064, 6.558339], [3.464064, 6.427886]]]}, 'attributes': {}}	None	1042399559064973312	1042399559064973312	#EnjoytheMoment	yellowlyfe_	Lagos, Nigeria	We are passionate about capturing moments and creating experiences that can light up a whole mood. 3 core focuses ‚Ä¢ Lifestyle ‚Ä¢Tourism ‚Ä¢ Merchandize ‚Ä¢	00817d75276a95cf	https://api.twitter.com/1.1/geo/id/00817d75276a95cf.json	city	Lagos	Lagos, Nigeria	NG	Nigeria	NULL	Polygon	[[[3.213147, 6.427886], [3.213147, 6.558339], [3.464064, 6.558339], [3.464064, 6.427886]]]	Point	[6.45306, 3.39583]	NULL	[3.39583, 6.45306]	en
Thu Jun 18 16:12:31 +0000 2020	1273649805072510977	1273649805072510977	@Floxycutie I haven‚Äôt eaten bole since March because of covik19 üôÑ. Anytime I think about it, I have palpitations üò≠üò≠üòÇ	False	<a href="http://twitter.com/download/iphone" rel="nofollow">Twitter for iPhone</a>	1273639767780012032	1273639767780012032	189601011	189601011	Floxycutie	None	None	{'id': '0008cb6457ff0b55', 'url': 'https://api.twitter.com/1.1/geo/id/0008cb6457ff0b55.json', 'place_type': 'city', 'name': 'Port Harcourt', 'full_name': 'Port Harcourt, Nigeria', 'country_code': 'NG', 'country': 'Nigeria', 'bounding_box': {'type': 'Polygon', 'coordinates': [[[6.938066, 4.73377], [6.938066, 4.91549], [7.124485, 4.91549], [7.124485, 4.73377]]]}, 'attributes': {}}	None	1145684375306215424	1145684375306215424	Rubz	FiberesimaR	PortHarcourt, Nigeria	Pharmacistüíä|Public Health Enthusiast| Volunteer with @girlhubafrica & @MEDGLOBE2 | I.G @ruby_fibs	0008cb6457ff0b55	https://api.twitter.com/1.1/geo/id/0008cb6457ff0b55.json	city	Port Harcourt	Port Harcourt, Nigeria	NG	Nigeria	NULL	Polygon	[[[6.938066, 4.73377], [6.938066, 4.91549], [7.124485, 4.91549], [7.124485, 4.73377]]]	NULL	NULL	NULL	NULL	en
Sat May 09 21:13:12 +0000 2020	1259229961531072513	1259229961531072513	So the strength was reserved until after iftar. #GhostWorkerSlot trending like Covik19. Guys are really working hard and earning #30k	False	<a href="http://twitter.com/download/android" rel="nofollow">Twitter for Android</a>	None	None	None	None	None	None	None	{'id': '01e724917be9ec74', 'url': 'https://api.twitter.com/1.1/geo/id/01e724917be9ec74.json', 'place_type': 'city', 'name': 'Keffi', 'full_name': 'Keffi, Nigeria', 'country_code': 'NG', 'country': 'Nigeria', 'bounding_box': {'type': 'Polygon', 'coordinates': [[[7.861186, 8.828171], [7.861186, 8.874391], [7.903598, 8.874391], [7.903598, 8.828171]]]}, 'attributes': {}}	None	804357187	804357187	ùôºùöòùöëùöçùöõùöíùö°üá≥üá¨‚ìÇ	mohdrix_	Nigeria	‚Ñçùïñùïíùïùùï•ùïô ùïéùï†ùï£ùïúùïñùï£ | #Volunteer | ùìîùì∑ùìΩùìªùìÆùìπùìªùìÆùì∑ùìÆùìæùìª | ùô∂ùöïùöòùöãùöäùöï ùô∑ùöéùöäùöïùöùùöë ùôøùöõùöòùöìùöéùöåùöù ùôºùöäùöóùöäùöêùöér| #CMAM	01e724917be9ec74	https://api.twitter.com/1.1/geo/id/01e724917be9ec74.json	city	Keffi	Keffi, Nigeria	NG	Nigeria	NULL	Polygon	[[[7.861186, 8.828171], [7.861186, 8.874391], [7.903598, 8.874391], [7.903598, 8.828171]]]	NULL	NULL	NULL	NULL	en
Mon May 04 17:03:02 +0000 2020	1257355065960157187	1257355065960157187	#biafra has #lockeddown #boarders , #covik19 . The #animalkingdom has bin #unmasked .	False	<a href="http://twitter.com/download/android" rel="nofollow">Twitter for Android</a>	None	None	None	None	None	None	None	{'id': '01aca86a155c9099', 'url': 'https://api.twitter.com/1.1/geo/id/01aca86a155c9099.json', 'place_type': 'city', 'name': 'Enugu', 'full_name': 'Enugu, Nigeria', 'country_code': 'NG', 'country': 'Nigeria', 'bounding_box': {'type': 'Polygon', 'coordinates': [[[7.454221, 6.377634], [7.454221, 6.504863], [7.586862, 6.504863], [7.586862, 6.377634]]]}, 'attributes': {}}	None	57756600	57756600	Jay KUG	shotchafoe	london	Seek God 1st. Jesus luvs us so let's eat a chapter a day, yes its comes out 2 a yr.  We think alike we can help 2 attain motivation towards God. How can I help.	01aca86a155c9099	https://api.twitter.com/1.1/geo/id/01aca86a155c9099.json	city	Enugu	Enugu, Nigeria	NG	Nigeria	NULL	Polygon	[[[7.454221, 6.377634], [7.454221, 6.504863], [7.586862, 6.504863], [7.586862, 6.377634]]]	NULL	NULL	NULL	NULL	en
Wed Apr 15 07:09:55 +0000 2020	1250320433724813313	1250320433724813313	@DeOdoemson Sir, ppl have no food...ppl are suffering.  How wil they stay home on empty stomach.  Hunger kilss faster Dan Covik19	False	<a href="http://twitter.com/download/android" rel="nofollow">Twitter for Android</a>	1248660980684460039	1248660980684460039	353597375	353597375	Chu_Odoemson	None	None	{'id': '00817d75276a95cf', 'url': 'https://api.twitter.com/1.1/geo/id/00817d75276a95cf.json', 'place_type': 'city', 'name': 'Lagos', 'full_name': 'Lagos, Nigeria', 'country_code': 'NG', 'country': 'Nigeria', 'bounding_box': {'type': 'Polygon', 'coordinates': [[[3.213147, 6.427886], [3.213147, 6.558339], [3.464064, 6.558339], [3.464064, 6.427886]]]}, 'attributes': {}}	None	887603724	887603724	Ntc_Patrick ‚Ñ¢¬©	NTCPAIN	None	Hard skills get me the job. Soft skills move me up the career ladder. Relationship management, communication, leadership, empathy nd etc needs 2 be demonstrated	00817d75276a95cf	https://api.twitter.com/1.1/geo/id/00817d75276a95cf.json	city	Lagos	Lagos, Nigeria	NG	Nigeria	NULL	Polygon	[[[3.213147, 6.427886], [3.213147, 6.558339], [3.464064, 6.558339], [3.464064, 6.427886]]]	NULL	NULL	NULL	NULL	en
Thu Apr 02 08:15:04 +0000 2020	1245625783780904965	1245625783780904965	African Covik19 is Lassa fever and We pay no attention to it because it's Africa or what?	False	<a href="http://twitter.com/download/android" rel="nofollow">Twitter for Android</a>	None	None	None	None	None	None	None	{'id': '0180b3ce4727c856', 'url': 'https://api.twitter.com/1.1/geo/id/0180b3ce4727c856.json', 'place_type': 'admin', 'name': 'Delta', 'full_name': 'Delta, Nigeria', 'country_code': 'NG', 'country': 'Nigeria', 'bounding_box': {'type': 'Polygon', 'coordinates': [[[5.02008, 5.010849], [5.02008, 6.502068], [6.768461, 6.502068], [6.768461, 5.010849]]]}, 'attributes': {}}	None	97416400	97416400	√ïricha-√ïrun.üå¥	Lovelymikeng	Nigeria	#A former IT personnel#business consultant#DreamChaser#GoD 2 GOD!##I am He who has a past,who is living in the Present & making my future Today!# I'm GOD Garden	0180b3ce4727c856	https://api.twitter.com/1.1/geo/id/0180b3ce4727c856.json	admin	Delta	Delta, Nigeria	NG	Nigeria	NULL	Polygon	[[[5.02008, 5.010849], [5.02008, 6.502068], [6.768461, 6.502068], [6.768461, 5.010849]]]	NULL	NULL	NULL	NULL	en
Wed Apr 01 23:44:28 +0000 2020	1245497290753748992	1245497290753748992	@kristie_fab I‚Äôm convinced that you‚Äôre lowkey dragging yourself too cos what in covik19 is that combo ?	False	<a href="http://twitter.com/download/iphone" rel="nofollow">Twitter for iPhone</a>	1245472744856322048	1245472744856322048	373885817	373885817	kristie_fab	None	None	{'id': '00e55e2b4c491c5f', 'url': 'https://api.twitter.com/1.1/geo/id/00e55e2b4c491c5f.json', 'place_type': 'city', 'name': 'Abuja', 'full_name': 'Abuja, Nigeria', 'country_code': 'NG', 'country': 'Nigeria', 'bounding_box': {'type': 'Polygon', 'coordinates': [[[7.304554, 8.961887], [7.304554, 9.185441], [7.543634, 9.185441], [7.543634, 8.961887]]]}, 'attributes': {}}	None	465368364	465368364	JamJam‚Äôs Big Sis	Ewonubari_	Abuja, Nigeria	Looking for new ways to unsubscribe from adulthood | Be kind or be quiet | Business page - @kulkidsss	00e55e2b4c491c5f	https://api.twitter.com/1.1/geo/id/00e55e2b4c491c5f.json	city	Abuja	Abuja, Nigeria	NG	Nigeria	NULL	Polygon	[[[7.304554, 8.961887], [7.304554, 9.185441], [7.543634, 9.185441], [7.543634, 8.961887]]]	NULL	NULL	NULL	NULL	en
Tue Mar 31 20:58:32 +0000 2020	1245093144380739584	1245093144380739584	@davido Hope u r negative when tested for #COVIK19 if not I will suspend my visit to u	False	<a href="http://twitter.com/download/android" rel="nofollow">Twitter for Android</a>	1245084995846365186	1245084995846365186	192947735	192947735	davido	None	None	{'id': '000763a81141ab85', 'url': 'https://api.twitter.com/1.1/geo/id/000763a81141ab85.json', 'place_type': 'city', 'name': 'Maiduguri', 'full_name': 'Maiduguri, Nigeria', 'country_code': 'NG', 'country': 'Nigeria', 'bounding_box': {'type': 'Polygon', 'coordinates': [[[13.043291, 11.782654], [13.043291, 11.916433], [13.25503, 11.916433], [13.25503, 11.782654]]]}, 'attributes': {}}	None	821132024438259712	821132024438259712	AUWAL ISA	ChemistAuwal	None	Peace ambassador,Public Servant,Humanitarian Assistant.	000763a81141ab85	https://api.twitter.com/1.1/geo/id/000763a81141ab85.json	city	Maiduguri	Maiduguri, Nigeria	NG	Nigeria	NULL	Polygon	[[[13.043291, 11.782654], [13.043291, 11.916433], [13.25503, 11.916433], [13.25503, 11.782654]]]	NULL	NULL	NULL	NULL	en
Mon Mar 30 14:40:16 +0000 2020	1244635558950961152	1244635558950961152	@Binafayusuf Inshallah. May Allah guide u and protect u. And may jannatul firdaus be our final abode and may he saf‚Ä¶ https://t.co/zinZf91gw9	True	<a href="http://twitter.com/download/android" rel="nofollow">Twitter for Android</a>	1244635171690893313	1244635171690893313	2407396919	2407396919	Binafayusuf	None	None	{'id': '013c94bf4d5073c9', 'url': 'https://api.twitter.com/1.1/geo/id/013c94bf4d5073c9.json', 'place_type': 'admin', 'name': 'Kano', 'full_name': 'Kano, Nigeria', 'country_code': 'NG', 'country': 'Nigeria', 'bounding_box': {'type': 'Polygon', 'coordinates': [[[7.704219, 10.549665], [7.704219, 12.610589], [9.400511, 12.610589], [9.400511, 10.549665]]]}, 'attributes': {}}	None	1136617307168526336	1136617307168526336	TBELLO	USMANTBELLO1	Kano 	None	013c94bf4d5073c9	https://api.twitter.com/1.1/geo/id/013c94bf4d5073c9.json	admin	Kano	Kano, Nigeria	NG	Nigeria	NULL	Polygon	[[[7.704219, 10.549665], [7.704219, 12.610589], [9.400511, 12.610589], [9.400511, 10.549665]]]	NULL	NULL	NULL	NULL	en
Mon Mar 30 12:44:00 +0000 2020	1244606300564193282	1244606300564193282	Just someone is telling that wallahi idan aka bashi 1M ze rungumi me covik19 ü§£ü§£	False	<a href="http://twitter.com/download/iphone" rel="nofollow">Twitter for iPhone</a>	None	None	None	None	None	None	None	{'id': '00611f1548c7bdef', 'url': 'https://api.twitter.com/1.1/geo/id/00611f1548c7bdef.json', 'place_type': 'city', 'name': 'Kano', 'full_name': 'Kano, Nigeria', 'country_code': 'NG', 'country': 'Nigeria', 'bounding_box': {'type': 'Polygon', 'coordinates': [[[8.447599, 11.929633], [8.447599, 12.080367], [8.607335, 12.080367], [8.607335, 11.929633]]]}, 'attributes': {}}	None	2866909913	2866909913	BAMSI ALP	IbrahimSulymaan	Kano, Nigeria	I am a Muslim.üïã ||Muftimenk|| ||Mathematician in making|| ‚ô• travelling around the world. ‚ô• Striving for jannah. ‚ô• üî¥Scüì∏& IG:evraheem_jr	00611f1548c7bdef	https://api.twitter.com/1.1/geo/id/00611f1548c7bdef.json	city	Kano	Kano, Nigeria	NG	Nigeria	NULL	Polygon	[[[8.447599, 11.929633], [8.447599, 12.080367], [8.607335, 12.080367], [8.607335, 11.929633]]]	NULL	NULL	NULL	NULL	en
Mon Mar 30 04:24:17 +0000 2020	1244480541673603072	1244480541673603072	Then all of a sudden boom üí• the coat of arm change to green,  anyways I still stand on the fact that his recorded v‚Ä¶ https://t.co/Oh3gtom86t	True	<a href="http://twitter.com/download/iphone" rel="nofollow">Twitter for iPhone</a>	1244480529245839365	1244480529245839365	259868944	259868944	speechlessjay9	None	None	{'id': '0008cb6457ff0b55', 'url': 'https://api.twitter.com/1.1/geo/id/0008cb6457ff0b55.json', 'place_type': 'city', 'name': 'Port Harcourt', 'full_name': 'Port Harcourt, Nigeria', 'country_code': 'NG', 'country': 'Nigeria', 'bounding_box': {'type': 'Polygon', 'coordinates': [[[6.938066, 4.73377], [6.938066, 4.91549], [7.124485, 4.91549], [7.124485, 4.73377]]]}, 'attributes': {}}	None	259868944	259868944	I REP #LFC from NIG	speechlessjay9	port harcourt	turn me on wit music,chess,football,reading,traveling...etc , turn me off with lies....ect #Teamliverpoolfc #Teamblackberry #Jesus #teamportharcourt #June 26 #	0008cb6457ff0b55	https://api.twitter.com/1.1/geo/id/0008cb6457ff0b55.json	city	Port Harcourt	Port Harcourt, Nigeria	NG	Nigeria	NULL	Polygon	[[[6.938066, 4.73377], [6.938066, 4.91549], [7.124485, 4.91549], [7.124485, 4.73377]]]	NULL	NULL	NULL	NULL	en
Mon Mar 30 02:01:25 +0000 2020	1244444590008123393	1244444590008123393	#NewProfilePic as I released the track Muhammadu Buhari Addresses Nigerians #covik19 #Covik1_9virus #Covikonenine	False	<a href="http://twitter.com/download/android" rel="nofollow">Twitter for Android</a>	None	None	None	None	None	None	None	{'id': '0102baa70911fc52', 'url': 'https://api.twitter.com/1.1/geo/id/0102baa70911fc52.json', 'place_type': 'city', 'name': 'Katsina', 'full_name': 'Katsina, Nigeria', 'country_code': 'NG', 'country': 'Nigeria', 'bounding_box': {'type': 'Polygon', 'coordinates': [[[7.572255, 12.932937], [7.572255, 13.021154], [7.674457, 13.021154], [7.674457, 12.932937]]]}, 'attributes': {}}	None	2932938747	2932938747	KATSINA FINEST	King_Rhombooz	Katsina, Nigeria	Kt Based Bilingual Hiphop Artiste and performing Artiste For Booking.  ‚òé +2348106407473 #GaskiyaGuda #SecureNorth #30BG	0102baa70911fc52	https://api.twitter.com/1.1/geo/id/0102baa70911fc52.json	city	Katsina	Katsina, Nigeria	NG	Nigeria	NULL	Polygon	[[[7.572255, 12.932937], [7.572255, 13.021154], [7.674457, 13.021154], [7.674457, 12.932937]]]	NULL	NULL	NULL	NULL	en
Mon Mar 30 00:52:33 +0000 2020	1244427259458568197	1244427259458568197	#covik19 be making me jam "freedom by @Akon"#COVID19Nigeria https://t.co/v9PqpphVAt	False	<a href="http://twitter.com/download/android" rel="nofollow">Twitter for Android</a>	None	None	None	None	None	None	None	{'id': '07d9cd7c8cc87004', 'url': 'https://api.twitter.com/1.1/geo/id/07d9cd7c8cc87004.json', 'place_type': 'poi', 'name': "Ooni of Ife's Palace, Ile Ife.", 'full_name': "Ooni of Ife's Palace, Ile Ife.", 'country_code': 'NG', 'country': 'Nigeria', 'bounding_box': {'type': 'Polygon', 'coordinates': [[[4.522112, 7.490219], [4.522112, 7.490219], [4.522112, 7.490219], [4.522112, 7.490219]]]}, 'attributes': {}}	None	402787015	402787015	OCHELENGE ‚ú≥Ô∏è	ridbaba200ez	With Your Ancestors	MUSLIM.. BIOCHEMIST. NEVER GAVE A FUCK BUT TRUSTWORTHY‚Äé #TEAMMUFC‚Äé #TEAMCR7‚Äè‚Äé	07d9cd7c8cc87004	https://api.twitter.com/1.1/geo/id/07d9cd7c8cc87004.json	poi	Ooni of Ife's Palace, Ile Ife.	Ooni of Ife's Palace, Ile Ife.	NG	Nigeria	NULL	Polygon	[[[4.522112, 7.490219], [4.522112, 7.490219], [4.522112, 7.490219], [4.522112, 7.490219]]]	NULL	NULL	NULL	NULL	en
Sun Mar 29 21:20:53 +0000 2020	1244373992380583936	1244373992380583936	I choose to speak from the place of faith that am a victor and not a victim.Yesterday my life battle was so real‚Ä¶ https://t.co/6cnvyZzvYU	True	<a href="http://twitter.com/download/android" rel="nofollow">Twitter for Android</a>	None	None	None	None	None	None	None	{'id': '016866085b3a225b', 'url': 'https://api.twitter.com/1.1/geo/id/016866085b3a225b.json', 'place_type': 'city', 'name': 'Karu', 'full_name': 'Karu, Nigeria', 'country_code': 'NG', 'country': 'Nigeria', 'bounding_box': {'type': 'Polygon', 'coordinates': [[[7.550692, 8.979321], [7.550692, 9.048007], [7.609988, 9.048007], [7.609988, 8.979321]]]}, 'attributes': {}}	None	1419898422	1419898422	Praise Godspower üòéüí∞ #Endsars	TherealJPnaija	Steal a copy of my book	Serial Entrepreneur, Facebook Expert, iBrand, iPromote, Helping small businesses grow.‚Ñ¢Ô∏è	016866085b3a225b	https://api.twitter.com/1.1/geo/id/016866085b3a225b.json	city	Karu	Karu, Nigeria	NG	Nigeria	NULL	Polygon	[[[7.550692, 8.979321], [7.550692, 9.048007], [7.609988, 9.048007], [7.609988, 8.979321]]]	NULL	NULL	NULL	NULL	en
Sun Mar 29 17:51:08 +0000 2020	1244321207509569538	1244321207509569538	10 mins to go#covik19 #CovikSlayer #covik19	False	<a href="http://twitter.com/download/android" rel="nofollow">Twitter for Android</a>	None	None	None	None	None	None	None	{'id': '0065f09a6666479e', 'url': 'https://api.twitter.com/1.1/geo/id/0065f09a6666479e.json', 'place_type': 'city', 'name': 'Ibadan', 'full_name': 'Ibadan, Nigeria', 'country_code': 'NG', 'country': 'Nigeria', 'bounding_box': {'type': 'Polygon', 'coordinates': [[[3.777011, 7.299143], [3.777011, 7.559006], [4.033582, 7.559006], [4.033582, 7.299143]]]}, 'attributes': {}}	None	310743235	310743235	Babatunde Oyeyemi‚Ñ¢	baboyed1000	Ibadan, Oyo State, Nigeria	B.A., M.A., PhD (in view)(English Language)| Manager @DAC| Girl-Child Education Advocate| Volunteer @AsherShuz Initiative| Volunteer @UNvolunteers| Poet	0065f09a6666479e	https://api.twitter.com/1.1/geo/id/0065f09a6666479e.json	city	Ibadan	Ibadan, Nigeria	NG	Nigeria	NULL	Polygon	[[[3.777011, 7.299143], [3.777011, 7.559006], [4.033582, 7.559006], [4.033582, 7.299143]]]	NULL	NULL	NULL	NULL	en
Sun Mar 29 10:20:32 +0000 2020	1244207810528923648	1244207810528923648	If you still decided to go to physically attend a church today, you‚Äôre a Goat, an enemy to humanity and your kind d‚Ä¶ https://t.co/WmuIJuomRT	True	<a href="http://twitter.com/download/iphone" rel="nofollow">Twitter for iPhone</a>	None	None	None	None	None	None	None	{'id': '019634185ded88a2', 'url': 'https://api.twitter.com/1.1/geo/id/019634185ded88a2.json', 'place_type': 'city', 'name': 'Warri', 'full_name': 'Warri, Nigeria', 'country_code': 'NG', 'country': 'Nigeria', 'bounding_box': {'type': 'Polygon', 'coordinates': [[[5.680678, 5.488401], [5.680678, 5.615118], [5.88101, 5.615118], [5.88101, 5.488401]]]}, 'attributes': {}}	None	874364098758270976	874364098758270976	Warricoolcats	warricoolcats	Warri, Nigeria	A platform showcasing Events and happening from the Oil city of warri ‚õΩ Follow our IG @warricoolcats . follow @rave_warri for events	019634185ded88a2	https://api.twitter.com/1.1/geo/id/019634185ded88a2.json	city	Warri	Warri, Nigeria	NG	Nigeria	NULL	Polygon	[[[5.680678, 5.488401], [5.680678, 5.615118], [5.88101, 5.615118], [5.88101, 5.488401]]]	NULL	NULL	NULL	NULL	en
Sun Mar 29 07:38:50 +0000 2020	1244167114220593153	1244167114220593153	Returning travelers to Nigeria who experience coronavirus symptoms: fever, cough &amp; difficulty breathing should plea‚Ä¶ https://t.co/kMMTH19pZt	True	<a href="http://twitter.com/download/iphone" rel="nofollow">Twitter for iPhone</a>	None	None	None	None	None	None	None	{'id': '01cba65c41c20b24', 'url': 'https://api.twitter.com/1.1/geo/id/01cba65c41c20b24.json', 'place_type': 'city', 'name': 'Ilorin', 'full_name': 'Ilorin, Nigeria', 'country_code': 'NG', 'country': 'Nigeria', 'bounding_box': {'type': 'Polygon', 'coordinates': [[[4.475251, 8.414557], [4.475251, 8.545302], [4.625297, 8.545302], [4.625297, 8.414557]]]}, 'attributes': {}}	None	2202973398	2202973398	Wale Saka	wagzie01	Kwara, Abuja 	CEO, HusRahm Ventures || Serial Entrepreneur || Husband || Father || Livestock Farmer|| üêìüêáüêüüêÇ	01cba65c41c20b24	https://api.twitter.com/1.1/geo/id/01cba65c41c20b24.json	city	Ilorin	Ilorin, Nigeria	NG	Nigeria	NULL	Polygon	[[[4.475251, 8.414557], [4.475251, 8.545302], [4.625297, 8.545302], [4.625297, 8.414557]]]	NULL	NULL	NULL	NULL	en
Sat Mar 28 21:53:27 +0000 2020	1244019800264884225	1244019800264884225	This period of #covik19 Eye and Nose go just dey scratch person anyhow The Devil is a Liar#StayAtHomeAndStaySafe‚Ä¶ https://t.co/p5o32SIqcH	True	<a href="http://twitter.com/download/android" rel="nofollow">Twitter for Android</a>	None	None	None	None	None	None	None	{'id': '005dbe7e6949db42', 'url': 'https://api.twitter.com/1.1/geo/id/005dbe7e6949db42.json', 'place_type': 'city', 'name': 'Benin-City', 'full_name': 'Benin-City, Nigeria', 'country_code': 'NG', 'country': 'Nigeria', 'bounding_box': {'type': 'Polygon', 'coordinates': [[[5.553295, 6.244509], [5.553295, 6.4254], [5.729281, 6.4254], [5.729281, 6.244509]]]}, 'attributes': {}}	None	942337059427160064	942337059427160064	All Hail the KING	AlegbeSO	Edo, Nigeria	InquisitiveFashion EnthusiastIG@King_alegbeBusiness Page IG @Maye.wearsF4Fkindly Retweet my Pinned tweets	005dbe7e6949db42	https://api.twitter.com/1.1/geo/id/005dbe7e6949db42.json	city	Benin-City	Benin-City, Nigeria	NG	Nigeria	NULL	Polygon	[[[5.553295, 6.244509], [5.553295, 6.4254], [5.729281, 6.4254], [5.729281, 6.244509]]]	NULL	NULL	NULL	NULL	en
Sat Mar 28 21:49:09 +0000 2020	1244018716876177409	1244018716876177409	How can printing more money üíµ be the solution to this inflation problem.Too bad we have men without good sense of‚Ä¶ https://t.co/bapSAfuSzc	True	<a href="http://twitter.com/download/android" rel="nofollow">Twitter for Android</a>	None	None	None	None	None	None	None	{'id': '016866085b3a225b', 'url': 'https://api.twitter.com/1.1/geo/id/016866085b3a225b.json', 'place_type': 'city', 'name': 'Karu', 'full_name': 'Karu, Nigeria', 'country_code': 'NG', 'country': 'Nigeria', 'bounding_box': {'type': 'Polygon', 'coordinates': [[[7.550692, 8.979321], [7.550692, 9.048007], [7.609988, 9.048007], [7.609988, 8.979321]]]}, 'attributes': {}}	None	1419898422	1419898422	Praise Godspower üòéüí∞ #Endsars	TherealJPnaija	Steal a copy of my book	Serial Entrepreneur, Facebook Expert, iBrand, iPromote, Helping small businesses grow.‚Ñ¢Ô∏è	016866085b3a225b	https://api.twitter.com/1.1/geo/id/016866085b3a225b.json	city	Karu	Karu, Nigeria	NG	Nigeria	NULL	Polygon	[[[7.550692, 8.979321], [7.550692, 9.048007], [7.609988, 9.048007], [7.609988, 8.979321]]]	NULL	NULL	NULL	NULL	en
Sat Mar 28 21:31:53 +0000 2020	1244014373531783168	1244014373531783168	#MoneyHeistWill it still be released by April 3Now that inspector has #covik19 I mean #COVID„Éº19 https://t.co/R5W6JJV4xm	False	<a href="http://twitter.com/download/android" rel="nofollow">Twitter for Android</a>	None	None	None	None	None	None	None	{'id': '005dbe7e6949db42', 'url': 'https://api.twitter.com/1.1/geo/id/005dbe7e6949db42.json', 'place_type': 'city', 'name': 'Benin-City', 'full_name': 'Benin-City, Nigeria', 'country_code': 'NG', 'country': 'Nigeria', 'bounding_box': {'type': 'Polygon', 'coordinates': [[[5.553295, 6.244509], [5.553295, 6.4254], [5.729281, 6.4254], [5.729281, 6.244509]]]}, 'attributes': {}}	None	1186514359368990720	1186514359368990720	jumia sales boyüõí	DerekJumia	Nigeria	sales consultant @jumianigeria ||you order || you pay || we deliver ||Instagram @derekjumia || Reach us üëá	005dbe7e6949db42	https://api.twitter.com/1.1/geo/id/005dbe7e6949db42.json	city	Benin-City	Benin-City, Nigeria	NG	Nigeria	NULL	Polygon	[[[5.553295, 6.244509], [5.553295, 6.4254], [5.729281, 6.4254], [5.729281, 6.244509]]]	NULL	NULL	NULL	NULL	en
Sat Mar 28 21:18:22 +0000 2020	1244010968302182400	1244010968302182400	I know... there‚Äôs someone out there .. police will come to your church tomorrow and they‚Äôll flog youüòÇüòÇ.. selah.. #covik19	False	<a href="http://twitter.com/download/iphone" rel="nofollow">Twitter for iPhone</a>	None	None	None	None	None	None	None	{'id': '0065f09a6666479e', 'url': 'https://api.twitter.com/1.1/geo/id/0065f09a6666479e.json', 'place_type': 'city', 'name': 'Ibadan', 'full_name': 'Ibadan, Nigeria', 'country_code': 'NG', 'country': 'Nigeria', 'bounding_box': {'type': 'Polygon', 'coordinates': [[[3.777011, 7.299143], [3.777011, 7.559006], [4.033582, 7.559006], [4.033582, 7.299143]]]}, 'attributes': {}}	None	1177115362174930944	1177115362174930944	TEMILULUüëë‚ôä	Temilulu_pr	everywhere lol	|| HUMOR KINGüòÄ|| PR üì£ || DRUMMERü•Å || GEMINI ‚ôäÔ∏è|| UNILORITE ||@chelseafc ||	0065f09a6666479e	https://api.twitter.com/1.1/geo/id/0065f09a6666479e.json	city	Ibadan	Ibadan, Nigeria	NG	Nigeria	NULL	Polygon	[[[3.777011, 7.299143], [3.777011, 7.559006], [4.033582, 7.559006], [4.033582, 7.299143]]]	NULL	NULL	NULL	NULL	en
Sat Mar 28 21:13:08 +0000 2020	1244009652267945985	1244009652267945985	It's not easy to survive a day with all the fearful stories the media keeps putting in our faces everyday.Nothing‚Ä¶ https://t.co/fTjHF1tk8P	True	<a href="http://twitter.com/download/android" rel="nofollow">Twitter for Android</a>	None	None	None	None	None	None	None	{'id': '01c46739344ba9f6', 'url': 'https://api.twitter.com/1.1/geo/id/01c46739344ba9f6.json', 'place_type': 'admin', 'name': 'Federal Capital Territory', 'full_name': 'Federal Capital Territory, Nigeria', 'country_code': 'NG', 'country': 'Nigeria', 'bounding_box': {'type': 'Polygon', 'coordinates': [[[6.778614, 8.45044], [6.778614, 9.434527], [7.727478, 9.434527], [7.727478, 8.45044]]]}, 'attributes': {}}	None	1419898422	1419898422	Praise Godspower üòéüí∞ #Endsars	TherealJPnaija	Steal a copy of my book	Serial Entrepreneur, Facebook Expert, iBrand, iPromote, Helping small businesses grow.‚Ñ¢Ô∏è	01c46739344ba9f6	https://api.twitter.com/1.1/geo/id/01c46739344ba9f6.json	admin	Federal Capital Territory	Federal Capital Territory, Nigeria	NG	Nigeria	NULL	Polygon	[[[6.778614, 8.45044], [6.778614, 9.434527], [7.727478, 9.434527], [7.727478, 8.45044]]]	NULL	NULL	NULL	NULL	en
Sat Mar 28 20:46:56 +0000 2020	1244003058624929792	1244003058624929792	When you catch feelings at the height of quarantine #coronavirus #covidcalabar #covik19	False	<a href="http://twitter.com/download/android" rel="nofollow">Twitter for Android</a>	None	None	None	None	None	None	None	{'id': '005c6f3641f95852', 'url': 'https://api.twitter.com/1.1/geo/id/005c6f3641f95852.json', 'place_type': 'city', 'name': 'Calabar', 'full_name': 'Calabar, Nigeria', 'country_code': 'NG', 'country': 'Nigeria', 'bounding_box': {'type': 'Polygon', 'coordinates': [[[8.307501, 4.911208], [8.307501, 5.041468], [8.372645, 5.041468], [8.372645, 4.911208]]]}, 'attributes': {}}	None	111988465	111988465	canonball.....	knon_ball	Somewhere in Calabar	OAP @ CRBC calabar Paradise 105.5fmCanonball #Theflow#Silentwhispers	005c6f3641f95852	https://api.twitter.com/1.1/geo/id/005c6f3641f95852.json	city	Calabar	Calabar, Nigeria	NG	Nigeria	NULL	Polygon	[[[8.307501, 4.911208], [8.307501, 5.041468], [8.372645, 5.041468], [8.372645, 4.911208]]]	NULL	NULL	NULL	NULL	en
Sat Mar 28 19:52:34 +0000 2020	1243989377505771521	1243989377505771521	I swear with the way things are going...we fit get anotyer one this December... üòúDear Covik19, i don't want to wo‚Ä¶ https://t.co/UiffvCnMtT	True	<a href="http://twitter.com/download/android" rel="nofollow">Twitter for Android</a>	None	None	None	None	None	None	None	{'id': '00817d75276a95cf', 'url': 'https://api.twitter.com/1.1/geo/id/00817d75276a95cf.json', 'place_type': 'city', 'name': 'Lagos', 'full_name': 'Lagos, Nigeria', 'country_code': 'NG', 'country': 'Nigeria', 'bounding_box': {'type': 'Polygon', 'coordinates': [[[3.213147, 6.427886], [3.213147, 6.558339], [3.464064, 6.558339], [3.464064, 6.427886]]]}, 'attributes': {}}	None	184463157	184463157	Pascal	paskael	Lagos, Nigeria	No One is Too Rich To Receive & No One is Too Poor To Give	00817d75276a95cf	https://api.twitter.com/1.1/geo/id/00817d75276a95cf.json	city	Lagos	Lagos, Nigeria	NG	Nigeria	NULL	Polygon	[[[3.213147, 6.427886], [3.213147, 6.558339], [3.464064, 6.558339], [3.464064, 6.427886]]]	NULL	NULL	NULL	NULL	en
Sat Mar 28 19:29:26 +0000 2020	1243983554423525377	1243983554423525377	Governor El Rufai is positive.#Covik19 is no respecter of persons.	False	<a href="http://twitter.com/download/android" rel="nofollow">Twitter for Android</a>	None	None	None	None	None	None	None	{'id': '01eddd9d0dbec2c8', 'url': 'https://api.twitter.com/1.1/geo/id/01eddd9d0dbec2c8.json', 'place_type': 'city', 'name': 'Ikeja', 'full_name': 'Ikeja, Nigeria', 'country_code': 'NG', 'country': 'Nigeria', 'bounding_box': {'type': 'Polygon', 'coordinates': [[[3.198942, 6.482676], [3.198942, 6.698546], [3.43719, 6.698546], [3.43719, 6.482676]]]}, 'attributes': {}}	None	887446923191476229	887446923191476229	ADaUmunna| STOP RAPING WOMEN	LoisUmunna	Nigeria	Mother of 3 kids I didn't raise|  Conscious bread eater| Shy with a sprinkle of Agberoism	01eddd9d0dbec2c8	https://api.twitter.com/1.1/geo/id/01eddd9d0dbec2c8.json	city	Ikeja	Ikeja, Nigeria	NG	Nigeria	NULL	Polygon	[[[3.198942, 6.482676], [3.198942, 6.698546], [3.43719, 6.698546], [3.43719, 6.482676]]]	NULL	NULL	NULL	NULL	en
Sat Mar 28 19:27:03 +0000 2020	1243982958052216833	1243982958052216833	@steveabbey_ Do anyone... After all you will soon be asking for new place to go to order than sitting room or bedroom. #covik19	False	<a href="http://twitter.com/download/android" rel="nofollow">Twitter for Android</a>	1243961724488888322	1243961724488888322	364875942	364875942	steveabbey_	None	None	{'id': '001efeda77e1982b', 'url': 'https://api.twitter.com/1.1/geo/id/001efeda77e1982b.json', 'place_type': 'city', 'name': 'Oleh', 'full_name': 'Oleh, Nigeria', 'country_code': 'NG', 'country': 'Nigeria', 'bounding_box': {'type': 'Polygon', 'coordinates': [[[6.196713, 5.444276], [6.196713, 5.48449], [6.214348, 5.48449], [6.214348, 5.444276]]]}, 'attributes': {}}	None	156897088	156897088	Agba sol the 2nd) #ENDSARS	captaintsu	Delta, Nigeria	I stand with/for the truth. @manutd for life. ùêÜùê®ùê¨ùê©ùêûùê• ùêåùêÆùê¨ùê¢ùêú ùêãùê®ùêØerIÕésÕéoÕékÕéoÕé/ÕéwÕéaÕérÕérÕéiÕé Õéblood	001efeda77e1982b	https://api.twitter.com/1.1/geo/id/001efeda77e1982b.json	city	Oleh	Oleh, Nigeria	NG	Nigeria	NULL	Polygon	[[[6.196713, 5.444276], [6.196713, 5.48449], [6.214348, 5.48449], [6.214348, 5.444276]]]	NULL	NULL	NULL	NULL	en
Sat Mar 28 19:00:42 +0000 2020	1243976325985112067	1243976325985112067	The way things are going in this 2020, if I stand one place blow Trumpet everywhere go scatter#COVID19Nigeria‚Ä¶ https://t.co/FzFCkW72Nj	True	<a href="http://twitter.com/download/android" rel="nofollow">Twitter for Android</a>	None	None	None	None	None	None	None	{'id': '01546f6801ce58cd', 'url': 'https://api.twitter.com/1.1/geo/id/01546f6801ce58cd.json', 'place_type': 'city', 'name': 'Uyo', 'full_name': 'Uyo, Nigeria', 'country_code': 'NG', 'country': 'Nigeria', 'bounding_box': {'type': 'Polygon', 'coordinates': [[[7.861911, 4.971114], [7.861911, 5.071649], [8.003751, 5.071649], [8.003751, 4.971114]]]}, 'attributes': {}}	None	283617564	283617564	FAVOUR ITUA	SportPaparazzi1	Portharcourt 	OAP| Football Commentator/Analyst/Presenter @WazobiaFMPH | #FootballRepublikPH | MC| IG: @sportpaparazzi1| #Earth	01546f6801ce58cd	https://api.twitter.com/1.1/geo/id/01546f6801ce58cd.json	city	Uyo	Uyo, Nigeria	NG	Nigeria	NULL	Polygon	[[[7.861911, 4.971114], [7.861911, 5.071649], [8.003751, 5.071649], [8.003751, 4.971114]]]	NULL	NULL	NULL	NULL	en
Sat Mar 28 18:12:59 +0000 2020	1243964318292545536	1243964318292545536	Using Quantum Goegraphical information system tools I developed a pictorial representation of Covid19 spread across‚Ä¶ https://t.co/1BVKtZWmdw	True	<a href="http://twitter.com/download/android" rel="nofollow">Twitter for Android</a>	None	None	None	None	None	None	None	{'id': '07d9d2c8b5880005', 'url': 'https://api.twitter.com/1.1/geo/id/07d9d2c8b5880005.json', 'place_type': 'poi', 'name': 'Nnamdi Azikiwe International Airport (ABV)', 'full_name': 'Nnamdi Azikiwe International Airport (ABV)', 'country_code': 'NG', 'country': 'Nigeria', 'bounding_box': {'type': 'Polygon', 'coordinates': [[[7.270446, 9.004472], [7.270446, 9.004472], [7.270446, 9.004472], [7.270446, 9.004472]]]}, 'attributes': {}}	None	745666597	745666597	Okeme samuel	coolsammy72	Abuja, Nigeria	None	07d9d2c8b5880005	https://api.twitter.com/1.1/geo/id/07d9d2c8b5880005.json	poi	Nnamdi Azikiwe International Airport (ABV)	Nnamdi Azikiwe International Airport (ABV)	NG	Nigeria	NULL	Polygon	[[[7.270446, 9.004472], [7.270446, 9.004472], [7.270446, 9.004472], [7.270446, 9.004472]]]	NULL	NULL	NULL	NULL	en
Sat Mar 28 17:47:11 +0000 2020	1243957825182806018	1243957825182806018	Immediately after this corona pandemic this is how im going to steal all the shawties from my niggas out there‚Ä¶ https://t.co/qxiTTd4yIE	True	<a href="http://twitter.com/download/iphone" rel="nofollow">Twitter for iPhone</a>	None	None	None	None	None	None	None	{'id': '00e55e2b4c491c5f', 'url': 'https://api.twitter.com/1.1/geo/id/00e55e2b4c491c5f.json', 'place_type': 'city', 'name': 'Abuja', 'full_name': 'Abuja, Nigeria', 'country_code': 'NG', 'country': 'Nigeria', 'bounding_box': {'type': 'Polygon', 'coordinates': [[[7.304554, 8.961887], [7.304554, 9.185441], [7.543634, 9.185441], [7.543634, 8.961887]]]}, 'attributes': {}}	None	1514391192	1514391192	Esv. Ahmed Saddat	saddatlatest	Nigeria	Social media publicist @Searchfm923mx üëç|| Graphic designer/illustrator|| Sc,ig & youtubeüì≤:@saddatlatest	00e55e2b4c491c5f	https://api.twitter.com/1.1/geo/id/00e55e2b4c491c5f.json	city	Abuja	Abuja, Nigeria	NG	Nigeria	NULL	Polygon	[[[7.304554, 8.961887], [7.304554, 9.185441], [7.543634, 9.185441], [7.543634, 8.961887]]]	NULL	NULL	NULL	NULL	en
Sat Mar 28 16:41:59 +0000 2020	1243941416004435969	1243941416004435969	So according to them, Jubril died in Cuba and now we have HASSAN! Welcome, Hassan! üòÅ#covik19 #BuhariResign	False	<a href="http://twitter.com/download/iphone" rel="nofollow">Twitter for iPhone</a>	None	None	None	None	None	None	None	{'id': '0008cb6457ff0b55', 'url': 'https://api.twitter.com/1.1/geo/id/0008cb6457ff0b55.json', 'place_type': 'city', 'name': 'Port Harcourt', 'full_name': 'Port Harcourt, Nigeria', 'country_code': 'NG', 'country': 'Nigeria', 'bounding_box': {'type': 'Polygon', 'coordinates': [[[6.938066, 4.73377], [6.938066, 4.91549], [7.124485, 4.91549], [7.124485, 4.73377]]]}, 'attributes': {}}	None	1617257160	1617257160	‚ôõJoshua Mimam Sampson‚ôõ	MrJoshuaSampson	Port Harcourt, Nigeria	Journalist, Politician, Fed up Rivers man from Andoni #TheGameChanger|| ‚Ä¢‚Ä¢ RT AND LIKES NOT ENDORSEMENTS ‚úâÔ∏è: egopm1@gmail.com ‚Ä¢ MEDIA AND PR CONSULTANT‚Ä¢	0008cb6457ff0b55	https://api.twitter.com/1.1/geo/id/0008cb6457ff0b55.json	city	Port Harcourt	Port Harcourt, Nigeria	NG	Nigeria	NULL	Polygon	[[[6.938066, 4.73377], [6.938066, 4.91549], [7.124485, 4.91549], [7.124485, 4.73377]]]	NULL	NULL	NULL	NULL	en
Sat Mar 28 16:22:09 +0000 2020	1243936422983278592	1243936422983278592	How far the 6 people when una been wan discharge na? Wetn de occur? #COVID19Nigeria #StayAtHomeAndStaySafe #covik19‚Ä¶ https://t.co/8aUIWPsaYR	True	<a href="http://twitter.com/download/android" rel="nofollow">Twitter for Android</a>	None	None	None	None	None	None	None	{'id': '005c6f3641f95852', 'url': 'https://api.twitter.com/1.1/geo/id/005c6f3641f95852.json', 'place_type': 'city', 'name': 'Calabar', 'full_name': 'Calabar, Nigeria', 'country_code': 'NG', 'country': 'Nigeria', 'bounding_box': {'type': 'Polygon', 'coordinates': [[[8.307501, 4.911208], [8.307501, 5.041468], [8.372645, 5.041468], [8.372645, 4.911208]]]}, 'attributes': {}}	None	950610866172583936	950610866172583936	·ªåÃÅ∆ô·ªçÃÅsh√¨	jayokoshi	All by myself	Black!!!//Pharmacy Student//Religion is not for me//Addicted to music//Nihilistüòí// Football Pundit//Literature Enthusiast//I could be suffering from Genophobia	005c6f3641f95852	https://api.twitter.com/1.1/geo/id/005c6f3641f95852.json	city	Calabar	Calabar, Nigeria	NG	Nigeria	NULL	Polygon	[[[8.307501, 4.911208], [8.307501, 5.041468], [8.372645, 5.041468], [8.372645, 4.911208]]]	NULL	NULL	NULL	NULL	en
Sat Mar 28 16:07:06 +0000 2020	1243932638789824513	1243932638789824513	@ccsanyo is saying stay safe... @aisshhaaaaaa help us sound am to people cos it‚Äôs corona time @officialdeezell stay‚Ä¶ https://t.co/prYEyL6iu9	True	<a href="http://twitter.com/download/iphone" rel="nofollow">Twitter for iPhone</a>	None	None	1215965762994757640	1215965762994757640	CcSanyo	None	None	{'id': '01c2a79d5179ca05', 'url': 'https://api.twitter.com/1.1/geo/id/01c2a79d5179ca05.json', 'place_type': 'city', 'name': 'Ungwan Jatau', 'full_name': 'Ungwan Jatau, Nigeria', 'country_code': 'NG', 'country': 'Nigeria', 'bounding_box': {'type': 'Polygon', 'coordinates': [[[7.447079, 10.582786], [7.447079, 10.612067], [7.470918, 10.612067], [7.470918, 10.582786]]]}, 'attributes': {}}	None	1209958959181942784	1209958959181942784	adyNATION üé≤	adycre8tive	Nigeria 	#BARCAlova #Entrepreneur,open for Biz,07036632922 DM or Email.. adycre8tivenation@gmail.com https://audiomack.com/ccsanyo	01c2a79d5179ca05	https://api.twitter.com/1.1/geo/id/01c2a79d5179ca05.json	city	Ungwan Jatau	Ungwan Jatau, Nigeria	NG	Nigeria	NULL	Polygon	[[[7.447079, 10.582786], [7.447079, 10.612067], [7.470918, 10.612067], [7.470918, 10.582786]]]	NULL	NULL	NULL	NULL	en
Sat Mar 28 15:16:28 +0000 2020	1243919894397308928	1243919894397308928	Date and time is a big deal in Nigeria today. #covik19 #COVID19 #Nigeria	False	<a href="http://twitter.com/download/android" rel="nofollow">Twitter for Android</a>	None	None	None	None	None	None	None	{'id': '01eddd9d0dbec2c8', 'url': 'https://api.twitter.com/1.1/geo/id/01eddd9d0dbec2c8.json', 'place_type': 'city', 'name': 'Ikeja', 'full_name': 'Ikeja, Nigeria', 'country_code': 'NG', 'country': 'Nigeria', 'bounding_box': {'type': 'Polygon', 'coordinates': [[[3.198942, 6.482676], [3.198942, 6.698546], [3.43719, 6.698546], [3.43719, 6.482676]]]}, 'attributes': {}}	None	40833413	40833413	Obafunso üåç	barfade	√úT: 6.5745453,3.3925234	Taking on the next phase of my journey. Tweets are my opinion.	01eddd9d0dbec2c8	https://api.twitter.com/1.1/geo/id/01eddd9d0dbec2c8.json	city	Ikeja	Ikeja, Nigeria	NG	Nigeria	NULL	Polygon	[[[3.198942, 6.482676], [3.198942, 6.698546], [3.43719, 6.698546], [3.43719, 6.482676]]]	NULL	NULL	NULL	NULL	en
Sat Mar 28 15:13:14 +0000 2020	1243919080521940997	1243919080521940997	@alextrice101 @Tutsy22 Sense no go kill @NCDCgov DG, üòÇ.... Wise man no wan contact #covik19	False	<a href="http://twitter.com/download/android" rel="nofollow">Twitter for Android</a>	1243885223890366464	1243885223890366464	394779159	394779159	maxwellshina	None	None	{'id': '01eddd9d0dbec2c8', 'url': 'https://api.twitter.com/1.1/geo/id/01eddd9d0dbec2c8.json', 'place_type': 'city', 'name': 'Ikeja', 'full_name': 'Ikeja, Nigeria', 'country_code': 'NG', 'country': 'Nigeria', 'bounding_box': {'type': 'Polygon', 'coordinates': [[[3.198942, 6.482676], [3.198942, 6.698546], [3.43719, 6.698546], [3.43719, 6.482676]]]}, 'attributes': {}}	None	202809768	202809768	IG: faariimagery	i_Mr_Faari	Gidi ,9ja 	Entrepreneur | Realtor | CEO Faari Imagery | Event Photography | Industrial & Commercial Photography | Modeling | Portraiture | #teamMilan #TeamFaari	01eddd9d0dbec2c8	https://api.twitter.com/1.1/geo/id/01eddd9d0dbec2c8.json	city	Ikeja	Ikeja, Nigeria	NG	Nigeria	NULL	Polygon	[[[3.198942, 6.482676], [3.198942, 6.698546], [3.43719, 6.698546], [3.43719, 6.482676]]]	NULL	NULL	NULL	NULL	en
Sat Mar 28 15:08:34 +0000 2020	1243917906414571520	1243917906414571520	Only God knows where this country is going to #smh #covik19 #PresidentCovikk #PresidentCovik #BuhariResign‚Ä¶ https://t.co/6idQWivpbb	True	<a href="http://twitter.com/download/android" rel="nofollow">Twitter for Android</a>	None	None	None	None	None	None	None	{'id': '01ed1f9a43bfb9bd', 'url': 'https://api.twitter.com/1.1/geo/id/01ed1f9a43bfb9bd.json', 'place_type': 'city', 'name': 'Victoria Island', 'full_name': 'Victoria Island, Nigeria', 'country_code': 'NG', 'country': 'Nigeria', 'bounding_box': {'type': 'Polygon', 'coordinates': [[[3.402322, 6.396264], [3.402322, 6.486797], [3.601369, 6.486797], [3.601369, 6.396264]]]}, 'attributes': {}}	None	1242209843630522369	1242209843630522369	Steven O Photography	Steven_O_Photo	Lagos, Nigeria	Lagos Photographer üì∑Portrait | Fashion | Beauty | Events+2348103388820 ‚òéAvailable to travel ‚úà	01ed1f9a43bfb9bd	https://api.twitter.com/1.1/geo/id/01ed1f9a43bfb9bd.json	city	Victoria Island	Victoria Island, Nigeria	NG	Nigeria	NULL	Polygon	[[[3.402322, 6.396264], [3.402322, 6.486797], [3.601369, 6.486797], [3.601369, 6.396264]]]	NULL	NULL	NULL	NULL	en
Sat Mar 28 15:00:23 +0000 2020	1243915847359500296	1243915847359500296	@JohnCampbellcfr @vickysnipes147 @CFR_org Any fool will think that you‚Äôre making sense, whereas people are dying in‚Ä¶ https://t.co/JXm2gagoIo	True	<a href="http://twitter.com/download/iphone" rel="nofollow">Twitter for iPhone</a>	1243599978423111680	1243599978423111680	234043502	234043502	JohnCampbellcfr	None	None	{'id': '0008cb6457ff0b55', 'url': 'https://api.twitter.com/1.1/geo/id/0008cb6457ff0b55.json', 'place_type': 'city', 'name': 'Port Harcourt', 'full_name': 'Port Harcourt, Nigeria', 'country_code': 'NG', 'country': 'Nigeria', 'bounding_box': {'type': 'Polygon', 'coordinates': [[[6.938066, 4.73377], [6.938066, 4.91549], [7.124485, 4.91549], [7.124485, 4.73377]]]}, 'attributes': {}}	None	1439509166	1439509166	Odemakpore Silver	freetellinfo	Portharcourt Nigeria.	Odemakpore Silver | Founder & Chief. Editor of freetellinfo	0008cb6457ff0b55	https://api.twitter.com/1.1/geo/id/0008cb6457ff0b55.json	city	Port Harcourt	Port Harcourt, Nigeria	NG	Nigeria	NULL	Polygon	[[[6.938066, 4.73377], [6.938066, 4.91549], [7.124485, 4.91549], [7.124485, 4.73377]]]	NULL	NULL	NULL	NULL	en
Sat Mar 28 13:30:50 +0000 2020	1243893311624097796	1243893311624097796	This is a president #covik19 should watch and learn https://t.co/l2uNqFdkx7	False	<a href="http://twitter.com/download/iphone" rel="nofollow">Twitter for iPhone</a>	None	None	None	None	None	None	None	{'id': '00817d75276a95cf', 'url': 'https://api.twitter.com/1.1/geo/id/00817d75276a95cf.json', 'place_type': 'city', 'name': 'Lagos', 'full_name': 'Lagos, Nigeria', 'country_code': 'NG', 'country': 'Nigeria', 'bounding_box': {'type': 'Polygon', 'coordinates': [[[3.213147, 6.427886], [3.213147, 6.558339], [3.464064, 6.558339], [3.464064, 6.427886]]]}, 'attributes': {}}	None	83811373	83811373	LAMAR ‚ûê	Jon_osagie	Gidi	Coffee-Drinker, eReader Addict, Arsenal fan, Blogger. I‚Äôm very busy and important....... I‚Äôm not smart. I just wear glasses. I follow back for FREE!	00817d75276a95cf	https://api.twitter.com/1.1/geo/id/00817d75276a95cf.json	city	Lagos	Lagos, Nigeria	NG	Nigeria	NULL	Polygon	[[[3.213147, 6.427886], [3.213147, 6.558339], [3.464064, 6.558339], [3.464064, 6.427886]]]	NULL	NULL	NULL	NULL	en
Sat Mar 28 13:24:34 +0000 2020	1243891735018844167	1243891735018844167	Your very shameless to allow yourself to be used as a propaganda tool to spread fake lies for this incompetent gove‚Ä¶ https://t.co/9VbqZChY0f	True	<a href="http://twitter.com/download/iphone" rel="nofollow">Twitter for iPhone</a>	None	None	None	None	None	None	None	{'id': '00817d75276a95cf', 'url': 'https://api.twitter.com/1.1/geo/id/00817d75276a95cf.json', 'place_type': 'city', 'name': 'Lagos', 'full_name': 'Lagos, Nigeria', 'country_code': 'NG', 'country': 'Nigeria', 'bounding_box': {'type': 'Polygon', 'coordinates': [[[3.213147, 6.427886], [3.213147, 6.558339], [3.464064, 6.558339], [3.464064, 6.427886]]]}, 'attributes': {}}	None	83811373	83811373	LAMAR ‚ûê	Jon_osagie	Gidi	Coffee-Drinker, eReader Addict, Arsenal fan, Blogger. I‚Äôm very busy and important....... I‚Äôm not smart. I just wear glasses. I follow back for FREE!	00817d75276a95cf	https://api.twitter.com/1.1/geo/id/00817d75276a95cf.json	city	Lagos	Lagos, Nigeria	NG	Nigeria	NULL	Polygon	[[[3.213147, 6.427886], [3.213147, 6.558339], [3.464064, 6.558339], [3.464064, 6.427886]]]	NULL	NULL	NULL	NULL	en
Sat Mar 28 13:04:25 +0000 2020	1243886661831966722	1243886661831966722	If you believed for even 10 seconds that President Buhari traveled out of this country to the UK to be treated, you‚Ä¶ https://t.co/DKPkdLjbWK	True	<a href="http://twitter.com/download/iphone" rel="nofollow">Twitter for iPhone</a>	None	None	None	None	None	None	None	{'id': '0008cb6457ff0b55', 'url': 'https://api.twitter.com/1.1/geo/id/0008cb6457ff0b55.json', 'place_type': 'city', 'name': 'Port Harcourt', 'full_name': 'Port Harcourt, Nigeria', 'country_code': 'NG', 'country': 'Nigeria', 'bounding_box': {'type': 'Polygon', 'coordinates': [[[6.938066, 4.73377], [6.938066, 4.91549], [7.124485, 4.91549], [7.124485, 4.73377]]]}, 'attributes': {}}	None	1617257160	1617257160	‚ôõJoshua Mimam Sampson‚ôõ	MrJoshuaSampson	Port Harcourt, Nigeria	Journalist, Politician, Fed up Rivers man from Andoni #TheGameChanger|| ‚Ä¢‚Ä¢ RT AND LIKES NOT ENDORSEMENTS ‚úâÔ∏è: egopm1@gmail.com ‚Ä¢ MEDIA AND PR CONSULTANT‚Ä¢	0008cb6457ff0b55	https://api.twitter.com/1.1/geo/id/0008cb6457ff0b55.json	city	Port Harcourt	Port Harcourt, Nigeria	NG	Nigeria	NULL	Polygon	[[[6.938066, 4.73377], [6.938066, 4.91549], [7.124485, 4.91549], [7.124485, 4.73377]]]	NULL	NULL	NULL	NULL	en
Sat Mar 28 11:43:28 +0000 2020	1243866290118447104	1243866290118447104	@sofox_ It's just day 16 and it's looking like two months of no football. üò≠üò•#covik19	False	<a href="http://twitter.com/download/android" rel="nofollow">Twitter for Android</a>	1243856894449594370	1243856894449594370	789775417636859904	789775417636859904	sofox_	None	None	{'id': '01eddd9d0dbec2c8', 'url': 'https://api.twitter.com/1.1/geo/id/01eddd9d0dbec2c8.json', 'place_type': 'city', 'name': 'Ikeja', 'full_name': 'Ikeja, Nigeria', 'country_code': 'NG', 'country': 'Nigeria', 'bounding_box': {'type': 'Polygon', 'coordinates': [[[3.198942, 6.482676], [3.198942, 6.698546], [3.43719, 6.698546], [3.43719, 6.482676]]]}, 'attributes': {}}	None	1137753374949085185	1137753374949085185	i see america	oluwasimbo_	Heaven	Rom. 8: 35	01eddd9d0dbec2c8	https://api.twitter.com/1.1/geo/id/01eddd9d0dbec2c8.json	city	Ikeja	Ikeja, Nigeria	NG	Nigeria	NULL	Polygon	[[[3.198942, 6.482676], [3.198942, 6.698546], [3.43719, 6.698546], [3.43719, 6.482676]]]	NULL	NULL	NULL	NULL	en
Sat Mar 28 11:42:14 +0000 2020	1243865983061766145	1243865983061766145	I think now is the best time to do this.If you were one of those who showed interest under this post or prolly ju‚Ä¶ https://t.co/cD1lK4ZxFY	True	<a href="http://twitter.com/download/android" rel="nofollow">Twitter for Android</a>	None	None	None	None	None	None	None	{'id': '00b1231d2214913c', 'url': 'https://api.twitter.com/1.1/geo/id/00b1231d2214913c.json', 'place_type': 'city', 'name': 'Abeokuta', 'full_name': 'Abeokuta, Nigeria', 'country_code': 'NG', 'country': 'Nigeria', 'bounding_box': {'type': 'Polygon', 'coordinates': [[[3.271321, 7.099668], [3.271321, 7.209188], [3.433562, 7.209188], [3.433562, 7.099668]]]}, 'attributes': {}}	None	4705536984	4705536984	Uadmission	Uadmiss	None	None	00b1231d2214913c	https://api.twitter.com/1.1/geo/id/00b1231d2214913c.json	city	Abeokuta	Abeokuta, Nigeria	NG	Nigeria	NULL	Polygon	[[[3.271321, 7.099668], [3.271321, 7.209188], [3.433562, 7.209188], [3.433562, 7.099668]]]	NULL	NULL	NULL	NULL	en
Sat Mar 28 11:40:26 +0000 2020	1243865529154142208	1243865529154142208	Only in Nigeria that politicians will steal money and still donate it back during crisis like #COVID19 and Nigerian‚Ä¶ https://t.co/bGeL6PATOY	True	<a href="http://twitter.com/download/android" rel="nofollow">Twitter for Android</a>	None	None	None	None	None	None	None	{'id': '00e55e2b4c491c5f', 'url': 'https://api.twitter.com/1.1/geo/id/00e55e2b4c491c5f.json', 'place_type': 'city', 'name': 'Abuja', 'full_name': 'Abuja, Nigeria', 'country_code': 'NG', 'country': 'Nigeria', 'bounding_box': {'type': 'Polygon', 'coordinates': [[[7.304554, 8.961887], [7.304554, 9.185441], [7.543634, 9.185441], [7.543634, 8.961887]]]}, 'attributes': {}}	None	383654163	383654163	@Obuzor	obuzor6119	Nigeria	Fear God Not Man. WEALTH over riches.	00e55e2b4c491c5f	https://api.twitter.com/1.1/geo/id/00e55e2b4c491c5f.json	city	Abuja	Abuja, Nigeria	NG	Nigeria	NULL	Polygon	[[[7.304554, 8.961887], [7.304554, 9.185441], [7.543634, 9.185441], [7.543634, 8.961887]]]	NULL	NULL	NULL	NULL	en
Sat Mar 28 11:40:10 +0000 2020	1243865461261062149	1243865461261062149	*inserts one of the following captions*1. Would you rather i be your isolation buddy or 10k isolation money ?2. T‚Ä¶ https://t.co/NjZaVusR7k	True	<a href="http://twitter.com/download/iphone" rel="nofollow">Twitter for iPhone</a>	None	None	None	None	None	None	None	{'id': '0170939658bf7750', 'url': 'https://api.twitter.com/1.1/geo/id/0170939658bf7750.json', 'place_type': 'admin', 'name': 'Akwa Ibom', 'full_name': 'Akwa Ibom, Nigeria', 'country_code': 'NG', 'country': 'Nigeria', 'bounding_box': {'type': 'Polygon', 'coordinates': [[[7.461364, 4.461805], [7.461364, 5.517491], [8.328146, 5.517491], [8.328146, 4.461805]]]}, 'attributes': {}}	None	1168141467543625728	1168141467543625728	Gloria(IconicTitanüî±üî±)	Akwaibom_Lawyer	Uyo, Nigeria	marriedüíç to a tall bearded man, wizkid stan who loves to cook. ManUnited Fan / Ronaldo def the GOAT	0170939658bf7750	https://api.twitter.com/1.1/geo/id/0170939658bf7750.json	admin	Akwa Ibom	Akwa Ibom, Nigeria	NG	Nigeria	NULL	Polygon	[[[7.461364, 4.461805], [7.461364, 5.517491], [8.328146, 5.517491], [8.328146, 4.461805]]]	NULL	NULL	NULL	NULL	en
Sat Mar 28 11:34:36 +0000 2020	1243864059507871751	1243864059507871751	Paulo Dybala Opens Up On #COVID19 Experience As Dortmund Captain Donates ‚Ç¨500,000https://t.co/5Ma1zIVJpM‚Ä¶ https://t.co/kwHnpAzdpb	True	<a href="http://twitter.com/download/android" rel="nofollow">Twitter for Android</a>	None	None	None	None	None	None	None	{'id': '59b27337f38d658b', 'url': 'https://api.twitter.com/1.1/geo/id/59b27337f38d658b.json', 'place_type': 'country', 'name': 'Nigeria', 'full_name': 'Nigeria', 'country_code': 'NG', 'country': 'Nigeria', 'bounding_box': {'type': 'Polygon', 'coordinates': [[[2.665436, 4.197406], [2.665436, 13.888115], [14.677795, 13.888115], [14.677795, 4.197406]]]}, 'attributes': {}}	None	719934970354081792	719934970354081792	Naijaloveinfo	naijaloveinfo	Nigeria	Naijaloveinfo... Truly for everyone. Online News, Videos, Online Advert & Social Media; Phone: +2349012623404; Email: naijaloveinfo@gmail.com#Naijaloveinfo	59b27337f38d658b	https://api.twitter.com/1.1/geo/id/59b27337f38d658b.json	country	Nigeria	Nigeria	NG	Nigeria	NULL	Polygon	[[[2.665436, 4.197406], [2.665436, 13.888115], [14.677795, 13.888115], [14.677795, 4.197406]]]	NULL	NULL	NULL	NULL	en
Sat Mar 28 11:15:19 +0000 2020	1243859207746662402	1243859207746662402	This seems to be the cure of #coronavirus #COVID19 for now.Please let's spread and save lives #CovidNGR‚Ä¶ https://t.co/jYAFNH3yYu	True	<a href="http://twitter.com/download/android" rel="nofollow">Twitter for Android</a>	None	None	None	None	None	None	None	{'id': '01ed1f9a43bfb9bd', 'url': 'https://api.twitter.com/1.1/geo/id/01ed1f9a43bfb9bd.json', 'place_type': 'city', 'name': 'Victoria Island', 'full_name': 'Victoria Island, Nigeria', 'country_code': 'NG', 'country': 'Nigeria', 'bounding_box': {'type': 'Polygon', 'coordinates': [[[3.402322, 6.396264], [3.402322, 6.486797], [3.601369, 6.486797], [3.601369, 6.396264]]]}, 'attributes': {}}	None	2275656941	2275656941	Chinny	Chinny_z	Ajah	Engineer,researcher	01ed1f9a43bfb9bd	https://api.twitter.com/1.1/geo/id/01ed1f9a43bfb9bd.json	city	Victoria Island	Victoria Island, Nigeria	NG	Nigeria	NULL	Polygon	[[[3.402322, 6.396264], [3.402322, 6.486797], [3.601369, 6.486797], [3.601369, 6.396264]]]	NULL	NULL	NULL	NULL	en
Sat Mar 28 11:14:22 +0000 2020	1243858970223284224	1243858970223284224	Sup with these explosions and everything happening? This is still March fahü§¶üèº‚Äç‚ôÄÔ∏è Oluwa wetin Dey occur gangan? Talk‚Ä¶ https://t.co/6enILC4Aca	True	<a href="http://twitter.com/download/iphone" rel="nofollow">Twitter for iPhone</a>	None	None	None	None	None	None	None	{'id': '01ed1f9a43bfb9bd', 'url': 'https://api.twitter.com/1.1/geo/id/01ed1f9a43bfb9bd.json', 'place_type': 'city', 'name': 'Victoria Island', 'full_name': 'Victoria Island, Nigeria', 'country_code': 'NG', 'country': 'Nigeria', 'bounding_box': {'type': 'Polygon', 'coordinates': [[[3.402322, 6.396264], [3.402322, 6.486797], [3.601369, 6.486797], [3.601369, 6.396264]]]}, 'attributes': {}}	None	2506417216	2506417216	Tolulope Mercy	kween_mercy	Victoria Island, Nigeria	#Mavinüíô #CFC #Proverbs31woman #DaughterOfZion #FroBaby	01ed1f9a43bfb9bd	https://api.twitter.com/1.1/geo/id/01ed1f9a43bfb9bd.json	city	Victoria Island	Victoria Island, Nigeria	NG	Nigeria	NULL	Polygon	[[[3.402322, 6.396264], [3.402322, 6.486797], [3.601369, 6.486797], [3.601369, 6.396264]]]	NULL	NULL	NULL	NULL	en
Sat Mar 28 11:07:51 +0000 2020	1243857327356284928	1243857327356284928	Abraham Lincoln said and I quote "One of the legitimate aims of government is to provide for the people what the pe‚Ä¶ https://t.co/629cTUwsTy	True	<a href="http://twitter.com/download/android" rel="nofollow">Twitter for Android</a>	None	None	None	None	None	None	None	{'id': '00817d75276a95cf', 'url': 'https://api.twitter.com/1.1/geo/id/00817d75276a95cf.json', 'place_type': 'city', 'name': 'Lagos', 'full_name': 'Lagos, Nigeria', 'country_code': 'NG', 'country': 'Nigeria', 'bounding_box': {'type': 'Polygon', 'coordinates': [[[3.213147, 6.427886], [3.213147, 6.558339], [3.464064, 6.558339], [3.464064, 6.427886]]]}, 'attributes': {}}	None	323141993	323141993	#EndBadGovernance	HaywhyDfinest	Lagos, Nigeria	Friendly and fun to be with | Live show Host | Content creator | My crown makes me different | Son of grace | Ogbomosho born | IG: @haywhydfinest	00817d75276a95cf	https://api.twitter.com/1.1/geo/id/00817d75276a95cf.json	city	Lagos	Lagos, Nigeria	NG	Nigeria	NULL	Polygon	[[[3.213147, 6.427886], [3.213147, 6.558339], [3.464064, 6.558339], [3.464064, 6.427886]]]	NULL	NULL	NULL	NULL	en
Sat Mar 28 10:56:15 +0000 2020	1243854409135767552	1243854409135767552	@DrJoeAbah @aproko_doctor @NigeriaGov @NCDCgov  See what Most Governments are now using to info people to stay at H‚Ä¶ https://t.co/dw6zDsysDZ	True	<a href="http://twitter.com/download/iphone" rel="nofollow">Twitter for iPhone</a>	None	None	2257546388	2257546388	DrJoeAbah	None	None	{'id': '01eddd9d0dbec2c8', 'url': 'https://api.twitter.com/1.1/geo/id/01eddd9d0dbec2c8.json', 'place_type': 'city', 'name': 'Ikeja', 'full_name': 'Ikeja, Nigeria', 'country_code': 'NG', 'country': 'Nigeria', 'bounding_box': {'type': 'Polygon', 'coordinates': [[[3.198942, 6.482676], [3.198942, 6.698546], [3.43719, 6.698546], [3.43719, 6.482676]]]}, 'attributes': {}}	None	82991689	82991689	Chris	chrisishiguzo	¬ÆÔ∏è	Global Citizen. Africa-focused || Info Tech || iExplorer || iReport || iUpdates || iBrand ikR8 ||	01eddd9d0dbec2c8	https://api.twitter.com/1.1/geo/id/01eddd9d0dbec2c8.json	city	Ikeja	Ikeja, Nigeria	NG	Nigeria	NULL	Polygon	[[[3.198942, 6.482676], [3.198942, 6.698546], [3.43719, 6.698546], [3.43719, 6.482676]]]	NULL	NULL	NULL	NULL	en
Sat Mar 28 10:43:45 +0000 2020	1243851261801357314	1243851261801357314	The collective response and reaction to the covid-19 pandemic that has claimed one life in Nigeria makes me wish th‚Ä¶ https://t.co/6woFx07x4L	True	<a href="http://twitter.com/download/android" rel="nofollow">Twitter for Android</a>	None	None	None	None	None	None	None	{'id': '00e55e2b4c491c5f', 'url': 'https://api.twitter.com/1.1/geo/id/00e55e2b4c491c5f.json', 'place_type': 'city', 'name': 'Abuja', 'full_name': 'Abuja, Nigeria', 'country_code': 'NG', 'country': 'Nigeria', 'bounding_box': {'type': 'Polygon', 'coordinates': [[[7.304554, 8.961887], [7.304554, 9.185441], [7.543634, 9.185441], [7.543634, 8.961887]]]}, 'attributes': {}}	None	209622134	209622134	Creative‚Ñ¢üé≠	mindofanenigma1	None	None	00e55e2b4c491c5f	https://api.twitter.com/1.1/geo/id/00e55e2b4c491c5f.json	city	Abuja	Abuja, Nigeria	NG	Nigeria	NULL	Polygon	[[[7.304554, 8.961887], [7.304554, 9.185441], [7.543634, 9.185441], [7.543634, 8.961887]]]	NULL	NULL	NULL	NULL	en
Sat Mar 28 10:02:42 +0000 2020	1243840931813621760	1243840931813621760	Enjoy our delicious food at the comfort of your home.üôÇLet's DELIVER to your Doorstep!!!Order now!‚Ä¶ https://t.co/UDxnY3vKIP	True	<a href="http://twitter.com/download/iphone" rel="nofollow">Twitter for iPhone</a>	None	None	None	None	None	None	None	{'id': '011a942e0a0e8fb2', 'url': 'https://api.twitter.com/1.1/geo/id/011a942e0a0e8fb2.json', 'place_type': 'admin', 'name': 'Lagos', 'full_name': 'Lagos, Nigeria', 'country_code': 'NG', 'country': 'Nigeria', 'bounding_box': {'type': 'Polygon', 'coordinates': [[[2.706304, 6.370388], [2.706304, 6.698546], [4.350022, 6.698546], [4.350022, 6.370388]]]}, 'attributes': {}}	None	4748135675	4748135675	Mint By EGC	mintbyegc	33, Grace Anjous Drive, Off Adebayo Doherty Road. Lekki, Nigeria	A restaurant/Bar that creates freshly made local, international dishes and signature cocktails with a healthier twist to it.	011a942e0a0e8fb2	https://api.twitter.com/1.1/geo/id/011a942e0a0e8fb2.json	admin	Lagos	Lagos, Nigeria	NG	Nigeria	NULL	Polygon	[[[2.706304, 6.370388], [2.706304, 6.698546], [4.350022, 6.698546], [4.350022, 6.370388]]]	NULL	NULL	NULL	NULL	en
Sat Mar 28 09:42:04 +0000 2020	1243835738438893568	1243835738438893568	How true is this o?#covik19#sydneytalker#StayAtHomeAndStaySafe https://t.co/fdUvhvLUMt	False	<a href="http://twitter.com/download/android" rel="nofollow">Twitter for Android</a>	None	None	None	None	None	None	None	{'id': '07d9dc0cfd088000', 'url': 'https://api.twitter.com/1.1/geo/id/07d9dc0cfd088000.json', 'place_type': 'poi', 'name': 'University Of Lagos', 'full_name': 'University Of Lagos', 'country_code': 'NG', 'country': 'Nigeria', 'bounding_box': {'type': 'Polygon', 'coordinates': [[[3.385047, 6.519087], [3.385047, 6.519087], [3.385047, 6.519087], [3.385047, 6.519087]]]}, 'attributes': {}}	None	3954829456	3954829456	Emir of Canada	jega_eleniyan	Canada in Jesus name.	üëâCyber Ops üëâIP4Vüëâ Windows server Administratorüëâ Tech specialist	07d9dc0cfd088000	https://api.twitter.com/1.1/geo/id/07d9dc0cfd088000.json	poi	University Of Lagos	University Of Lagos	NG	Nigeria	NULL	Polygon	[[[3.385047, 6.519087], [3.385047, 6.519087], [3.385047, 6.519087], [3.385047, 6.519087]]]	NULL	NULL	NULL	NULL	en
Sat Mar 28 09:39:39 +0000 2020	1243835133536411648	1243835133536411648	#BuhariResign#BuhariResign#BuhariResign#BuhariResign#BuhariResign#BuhariResign#BuhariResign #BuhariResignNi‚Ä¶ https://t.co/9RIR5fPFs9	True	<a href="http://twitter.com/download/android" rel="nofollow">Twitter for Android</a>	None	None	None	None	None	None	None	{'id': '0065f09a6666479e', 'url': 'https://api.twitter.com/1.1/geo/id/0065f09a6666479e.json', 'place_type': 'city', 'name': 'Ibadan', 'full_name': 'Ibadan, Nigeria', 'country_code': 'NG', 'country': 'Nigeria', 'bounding_box': {'type': 'Polygon', 'coordinates': [[[3.777011, 7.299143], [3.777011, 7.559006], [4.033582, 7.559006], [4.033582, 7.299143]]]}, 'attributes': {}}	None	1039984514	1039984514	#iAMGRACEFULL2020	enter2much	Ibadan, Nigeria	Child Of God, Pastor,Life Reality Coach, Market Evangelist, Philanthropist, Intercessor, Youth Mobiliser &Influencer, #MyBrothersKeepers #GracEMadE #iSpendGrace	0065f09a6666479e	https://api.twitter.com/1.1/geo/id/0065f09a6666479e.json	city	Ibadan	Ibadan, Nigeria	NG	Nigeria	NULL	Polygon	[[[3.777011, 7.299143], [3.777011, 7.559006], [4.033582, 7.559006], [4.033582, 7.299143]]]	NULL	NULL	NULL	NULL	en
Sat Mar 28 09:34:24 +0000 2020	1243833811873513473	1243833811873513473	#BuhariResign #sydneytalker #COVID19 #StayAtHomeAndStaySafe #PresidentCovikk #covik19 #CoronaUpdate #Tacha‚Ä¶ https://t.co/9PpidYMcHj	True	<a href="http://twitter.com/download/android" rel="nofollow">Twitter for Android</a>	None	None	None	None	None	None	None	{'id': '011a942e0a0e8fb2', 'url': 'https://api.twitter.com/1.1/geo/id/011a942e0a0e8fb2.json', 'place_type': 'admin', 'name': 'Lagos', 'full_name': 'Lagos, Nigeria', 'country_code': 'NG', 'country': 'Nigeria', 'bounding_box': {'type': 'Polygon', 'coordinates': [[[2.706304, 6.370388], [2.706304, 6.698546], [4.350022, 6.698546], [4.350022, 6.370388]]]}, 'attributes': {}}	None	429379443	429379443	ENDSARS NOWüëÆ‚ùå	Am_swiizz	None	.‚ô•.‚ñà‚ñà‚ñà‚ñà 100%sexy.‚ô•.‚ñà‚ñà‚ñà 98%Smart.‚ô•.‚ñà‚ñà‚ñà‚ñà 100%sweet.‚ô•.‚ñà‚ñà 95%qenTLe	011a942e0a0e8fb2	https://api.twitter.com/1.1/geo/id/011a942e0a0e8fb2.json	admin	Lagos	Lagos, Nigeria	NG	Nigeria	NULL	Polygon	[[[2.706304, 6.370388], [2.706304, 6.698546], [4.350022, 6.698546], [4.350022, 6.370388]]]	NULL	NULL	NULL	NULL	en
Sat Mar 28 09:29:25 +0000 2020	1243832556107247617	1243832556107247617	Is like someone bought data for arewa twitter community this morning #PresidentCovikk #covik19 #staysafe #imamofpiss	False	<a href="http://twitter.com/download/iphone" rel="nofollow">Twitter for iPhone</a>	None	None	None	None	None	None	None	{'id': '0008cb6457ff0b55', 'url': 'https://api.twitter.com/1.1/geo/id/0008cb6457ff0b55.json', 'place_type': 'city', 'name': 'Port Harcourt', 'full_name': 'Port Harcourt, Nigeria', 'country_code': 'NG', 'country': 'Nigeria', 'bounding_box': {'type': 'Polygon', 'coordinates': [[[6.938066, 4.73377], [6.938066, 4.91549], [7.124485, 4.91549], [7.124485, 4.73377]]]}, 'attributes': {}}	None	259868944	259868944	I REP #LFC from NIG	speechlessjay9	port harcourt	turn me on wit music,chess,football,reading,traveling...etc , turn me off with lies....ect #Teamliverpoolfc #Teamblackberry #Jesus #teamportharcourt #June 26 #	0008cb6457ff0b55	https://api.twitter.com/1.1/geo/id/0008cb6457ff0b55.json	city	Port Harcourt	Port Harcourt, Nigeria	NG	Nigeria	NULL	Polygon	[[[6.938066, 4.73377], [6.938066, 4.91549], [7.124485, 4.91549], [7.124485, 4.73377]]]	NULL	NULL	NULL	NULL	en
Sat Mar 28 09:26:42 +0000 2020	1243831874180521985	1243831874180521985	What‚Äôs wrong with this arewa Twitter, can someone sensible still tweet this ?  #covik19 #Covid_19 #sydneytalker‚Ä¶ https://t.co/tOHkd8OR7C	True	<a href="http://twitter.com/download/iphone" rel="nofollow">Twitter for iPhone</a>	None	None	None	None	None	None	None	{'id': '0008cb6457ff0b55', 'url': 'https://api.twitter.com/1.1/geo/id/0008cb6457ff0b55.json', 'place_type': 'city', 'name': 'Port Harcourt', 'full_name': 'Port Harcourt, Nigeria', 'country_code': 'NG', 'country': 'Nigeria', 'bounding_box': {'type': 'Polygon', 'coordinates': [[[6.938066, 4.73377], [6.938066, 4.91549], [7.124485, 4.91549], [7.124485, 4.73377]]]}, 'attributes': {}}	None	259868944	259868944	I REP #LFC from NIG	speechlessjay9	port harcourt	turn me on wit music,chess,football,reading,traveling...etc , turn me off with lies....ect #Teamliverpoolfc #Teamblackberry #Jesus #teamportharcourt #June 26 #	0008cb6457ff0b55	https://api.twitter.com/1.1/geo/id/0008cb6457ff0b55.json	city	Port Harcourt	Port Harcourt, Nigeria	NG	Nigeria	NULL	Polygon	[[[6.938066, 4.73377], [6.938066, 4.91549], [7.124485, 4.91549], [7.124485, 4.73377]]]	NULL	NULL	NULL	NULL	en
Sat Mar 28 09:22:16 +0000 2020	1243830756230803457	1243830756230803457	Support @YPO and Lagos State Govt #COVID19 isolation centers. Be part of this process!@RuggedyBaba@segalink‚Ä¶ https://t.co/X6rUVj5jCI	True	<a href="http://twitter.com/download/android" rel="nofollow">Twitter for Android</a>	None	None	None	None	None	None	None	{'id': '01ed1f9a43bfb9bd', 'url': 'https://api.twitter.com/1.1/geo/id/01ed1f9a43bfb9bd.json', 'place_type': 'city', 'name': 'Victoria Island', 'full_name': 'Victoria Island, Nigeria', 'country_code': 'NG', 'country': 'Nigeria', 'bounding_box': {'type': 'Polygon', 'coordinates': [[[3.402322, 6.396264], [3.402322, 6.486797], [3.601369, 6.486797], [3.601369, 6.396264]]]}, 'attributes': {}}	None	180251716	180251716	SWAGGNEWS AFRICA #GoalKeeper #ClimateAction #SDGs	pocarlee	Lagos, Jos,  Nigeria.	Peace Ambassador. Climate Advocate. Media & Entertainment. Blogger. Co-founder @CCActionM swaggnewsafrica@gmail.com	01ed1f9a43bfb9bd	https://api.twitter.com/1.1/geo/id/01ed1f9a43bfb9bd.json	city	Victoria Island	Victoria Island, Nigeria	NG	Nigeria	NULL	Polygon	[[[3.402322, 6.396264], [3.402322, 6.486797], [3.601369, 6.486797], [3.601369, 6.396264]]]	NULL	NULL	NULL	NULL	en
Sat Mar 28 09:08:40 +0000 2020	1243827334400159744	1243827334400159744	Nigeria is suffering from two pandemic. Hunger and corona virus.  Many folks can't eat if they don't work per day.‚Ä¶ https://t.co/XIHJk0Mfiy	True	<a href="http://twitter.com/download/iphone" rel="nofollow">Twitter for iPhone</a>	None	None	None	None	None	None	None	{'id': '0056091e32b465d6', 'url': 'https://api.twitter.com/1.1/geo/id/0056091e32b465d6.json', 'place_type': 'city', 'name': 'Alagbado', 'full_name': 'Alagbado, Nigeria', 'country_code': 'NG', 'country': 'Nigeria', 'bounding_box': {'type': 'Polygon', 'coordinates': [[[3.26291, 6.639331], [3.26291, 6.740074], [3.407501, 6.740074], [3.407501, 6.639331]]]}, 'attributes': {}}	None	215465355	215465355	Abdulrauf Idris Olawale	great_archivers	Lagos, Nigeria	Digital Marketer | Social Media Marketer | System Engineer | Security System Integrator	0056091e32b465d6	https://api.twitter.com/1.1/geo/id/0056091e32b465d6.json	city	Alagbado	Alagbado, Nigeria	NG	Nigeria	NULL	Polygon	[[[3.26291, 6.639331], [3.26291, 6.740074], [3.407501, 6.740074], [3.407501, 6.639331]]]	NULL	NULL	NULL	NULL	en
Sat Mar 28 08:58:19 +0000 2020	1243824729829642241	1243824729829642241	God is a good God, this season some persons will become millionaires( food stuffs dealers/pharmacist) and some folk‚Ä¶ https://t.co/3cJbnPaLq4	True	<a href="http://twitter.com/download/android" rel="nofollow">Twitter for Android</a>	None	None	None	None	None	None	None	{'id': '0008cb6457ff0b55', 'url': 'https://api.twitter.com/1.1/geo/id/0008cb6457ff0b55.json', 'place_type': 'city', 'name': 'Port Harcourt', 'full_name': 'Port Harcourt, Nigeria', 'country_code': 'NG', 'country': 'Nigeria', 'bounding_box': {'type': 'Polygon', 'coordinates': [[[6.938066, 4.73377], [6.938066, 4.91549], [7.124485, 4.91549], [7.124485, 4.73377]]]}, 'attributes': {}}	None	1385727396	1385727396	Dafe Wills	sprintsmogul	Porthacourt-Nigeria	Pan African Entrepreneur üá≥üá¨Economic Statistician (Hons)SprintQuest Energy Services, sub;Sprintconnect Services, Business Developer &  Capacity Manager.	0008cb6457ff0b55	https://api.twitter.com/1.1/geo/id/0008cb6457ff0b55.json	city	Port Harcourt	Port Harcourt, Nigeria	NG	Nigeria	NULL	Polygon	[[[6.938066, 4.73377], [6.938066, 4.91549], [7.124485, 4.91549], [7.124485, 4.73377]]]	NULL	NULL	NULL	NULL	en
Sat Mar 28 08:36:51 +0000 2020	1243819329298272257	1243819329298272257	@NCDCgov I have a question to ask and I need a response on time? Why don't you disclose the details of the confirme‚Ä¶ https://t.co/aEddrhG8yY	True	<a href="http://twitter.com/download/android" rel="nofollow">Twitter for Android</a>	None	None	705694814612938752	705694814612938752	NCDCgov	None	None	{'id': '01aca86a155c9099', 'url': 'https://api.twitter.com/1.1/geo/id/01aca86a155c9099.json', 'place_type': 'city', 'name': 'Enugu', 'full_name': 'Enugu, Nigeria', 'country_code': 'NG', 'country': 'Nigeria', 'bounding_box': {'type': 'Polygon', 'coordinates': [[[7.454221, 6.377634], [7.454221, 6.504863], [7.586862, 6.504863], [7.586862, 6.377634]]]}, 'attributes': {}}	None	1029795536533180416	1029795536533180416	Winter‚ùÑ ‚ö™	chris_ezekwem	Federal Capital Territory, Nig	Developer üíØ‚úä‚úä‚úä	01aca86a155c9099	https://api.twitter.com/1.1/geo/id/01aca86a155c9099.json	city	Enugu	Enugu, Nigeria	NG	Nigeria	NULL	Polygon	[[[7.454221, 6.377634], [7.454221, 6.504863], [7.586862, 6.504863], [7.586862, 6.377634]]]	NULL	NULL	NULL	NULL	en
Sat Mar 28 08:31:54 +0000 2020	1243818080532402176	1243818080532402176	The moment I woke up with sore throat#CoronaUpdate #StayAtHomeAndStaySafe #covik19 https://t.co/pXeCK5ZU7t	False	<a href="http://twitter.com/download/android" rel="nofollow">Twitter for Android</a>	None	None	None	None	None	None	None	{'id': '01bf1aac77e502ac', 'url': 'https://api.twitter.com/1.1/geo/id/01bf1aac77e502ac.json', 'place_type': 'city', 'name': 'Oba-Ile', 'full_name': 'Oba-Ile, Nigeria', 'country_code': 'NG', 'country': 'Nigeria', 'bounding_box': {'type': 'Polygon', 'coordinates': [[[5.237089, 7.245917], [5.237089, 7.270169], [5.268632, 7.270169], [5.268632, 7.245917]]]}, 'attributes': {}}	None	748536778282442752	748536778282442752	#SARSMUSTENDüî•üî•... LEKEüò∂	gmaxino1	None	None	01bf1aac77e502ac	https://api.twitter.com/1.1/geo/id/01bf1aac77e502ac.json	city	Oba-Ile	Oba-Ile, Nigeria	NG	Nigeria	NULL	Polygon	[[[5.237089, 7.245917], [5.237089, 7.270169], [5.268632, 7.270169], [5.268632, 7.245917]]]	NULL	NULL	NULL	NULL	en
Sat Mar 28 08:31:34 +0000 2020	1243817996373700613	1243817996373700613	#Jib : #CoronavirusOutbreak: #US To Evacuate Citizens From #Nigeria: https://t.co/YLmmUFUhRa#covik19	False	<a href="http://twitter.com/download/android" rel="nofollow">Twitter for Android</a>	None	None	None	None	None	None	None	{'id': '005dbe7e6949db42', 'url': 'https://api.twitter.com/1.1/geo/id/005dbe7e6949db42.json', 'place_type': 'city', 'name': 'Benin-City', 'full_name': 'Benin-City, Nigeria', 'country_code': 'NG', 'country': 'Nigeria', 'bounding_box': {'type': 'Polygon', 'coordinates': [[[5.553295, 6.244509], [5.553295, 6.4254], [5.729281, 6.4254], [5.729281, 6.244509]]]}, 'attributes': {}}	None	260676324	260676324	Jordan  Isoa	Jordan9ja	Earth. 	#GodFirst, #JordanIsoa , #JIB , #J9ja ,  +2347011954573 #Endsars	005dbe7e6949db42	https://api.twitter.com/1.1/geo/id/005dbe7e6949db42.json	city	Benin-City	Benin-City, Nigeria	NG	Nigeria	NULL	Polygon	[[[5.553295, 6.244509], [5.553295, 6.4254], [5.729281, 6.4254], [5.729281, 6.244509]]]	NULL	NULL	NULL	NULL	en
Sat Mar 28 08:23:41 +0000 2020	1243816016486060036	1243816016486060036	@Imamofpeace The only Islamic cleric on Earth whose opinions I actually give a shit about ‚ù§Ô∏è‚ù§Ô∏è‚ù§Ô∏è‚ù§Ô∏è#BuhariResign‚Ä¶ https://t.co/wn3tWycK58	True	<a href="http://twitter.com/download/android" rel="nofollow">Twitter for Android</a>	1243813366109335552	1243813366109335552	1583865109	1583865109	Imamofpeace	None	None	{'id': '00e55e2b4c491c5f', 'url': 'https://api.twitter.com/1.1/geo/id/00e55e2b4c491c5f.json', 'place_type': 'city', 'name': 'Abuja', 'full_name': 'Abuja, Nigeria', 'country_code': 'NG', 'country': 'Nigeria', 'bounding_box': {'type': 'Polygon', 'coordinates': [[[7.304554, 8.961887], [7.304554, 9.185441], [7.543634, 9.185441], [7.543634, 8.961887]]]}, 'attributes': {}}	None	776750089754832896	776750089754832896	Barra Hart	barrahart	Earth (for now) 	Humanist ‚öõ :: Artist :: Writer :: He/Him üåà :: #EndSARS #FreeMubarakBala	00e55e2b4c491c5f	https://api.twitter.com/1.1/geo/id/00e55e2b4c491c5f.json	city	Abuja	Abuja, Nigeria	NG	Nigeria	NULL	Polygon	[[[7.304554, 8.961887], [7.304554, 9.185441], [7.543634, 9.185441], [7.543634, 8.961887]]]	NULL	NULL	NULL	NULL	en
Sat Mar 28 08:19:07 +0000 2020	1243814865833246720	1243814865833246720	Beyond stocking up food for this lockdown, you should also be aware that your mind will be stretched, tested &amp; taun‚Ä¶ https://t.co/qGMK54BBBp	True	<a href="http://twitter.com/download/android" rel="nofollow">Twitter for Android</a>	1243814863115255808	1243814863115255808	1082575321	1082575321	IconicKelx	None	None	{'id': '01ed1f9a43bfb9bd', 'url': 'https://api.twitter.com/1.1/geo/id/01ed1f9a43bfb9bd.json', 'place_type': 'city', 'name': 'Victoria Island', 'full_name': 'Victoria Island, Nigeria', 'country_code': 'NG', 'country': 'Nigeria', 'bounding_box': {'type': 'Polygon', 'coordinates': [[[3.402322, 6.396264], [3.402322, 6.486797], [3.601369, 6.486797], [3.601369, 6.396264]]]}, 'attributes': {}}	None	1082575321	1082575321	kelly Idehen	IconicKelx	South-South, Nigeria.	Author | AI Researcher | Digital Transformation Advisor | STEM Education & Digital Skills Advocate Founder @LearnHub_Africa CEO @LinkOrionTech	01ed1f9a43bfb9bd	https://api.twitter.com/1.1/geo/id/01ed1f9a43bfb9bd.json	city	Victoria Island	Victoria Island, Nigeria	NG	Nigeria	NULL	Polygon	[[[3.402322, 6.396264], [3.402322, 6.486797], [3.601369, 6.486797], [3.601369, 6.396264]]]	NULL	NULL	NULL	NULL	en
Sat Mar 28 08:18:20 +0000 2020	1243814668956848128	1243814668956848128	#Jib : #CoronavirusOutbreak: #RCCG Reveals How Its Monthly #Holy Ghost Service For April Will Be Conducted:‚Ä¶ https://t.co/vhsxXnvKUa	True	<a href="http://twitter.com/download/android" rel="nofollow">Twitter for Android</a>	None	None	None	None	None	None	None	{'id': '005dbe7e6949db42', 'url': 'https://api.twitter.com/1.1/geo/id/005dbe7e6949db42.json', 'place_type': 'city', 'name': 'Benin-City', 'full_name': 'Benin-City, Nigeria', 'country_code': 'NG', 'country': 'Nigeria', 'bounding_box': {'type': 'Polygon', 'coordinates': [[[5.553295, 6.244509], [5.553295, 6.4254], [5.729281, 6.4254], [5.729281, 6.244509]]]}, 'attributes': {}}	None	260676324	260676324	Jordan  Isoa	Jordan9ja	Earth. 	#GodFirst, #JordanIsoa , #JIB , #J9ja ,  +2347011954573 #Endsars	005dbe7e6949db42	https://api.twitter.com/1.1/geo/id/005dbe7e6949db42.json	city	Benin-City	Benin-City, Nigeria	NG	Nigeria	NULL	Polygon	[[[5.553295, 6.244509], [5.553295, 6.4254], [5.729281, 6.4254], [5.729281, 6.244509]]]	NULL	NULL	NULL	NULL	en
Sat Mar 28 08:16:02 +0000 2020	1243814089270460416	1243814089270460416	Nigerians are not happy and it seems this @Imamofpeace is becoming a voice for the voiceless talking about #covik19‚Ä¶ https://t.co/bth78LMWrh	True	<a href="http://twitter.com/download/iphone" rel="nofollow">Twitter for iPhone</a>	None	None	None	None	None	None	None	{'id': '01eddd9d0dbec2c8', 'url': 'https://api.twitter.com/1.1/geo/id/01eddd9d0dbec2c8.json', 'place_type': 'city', 'name': 'Ikeja', 'full_name': 'Ikeja, Nigeria', 'country_code': 'NG', 'country': 'Nigeria', 'bounding_box': {'type': 'Polygon', 'coordinates': [[[3.198942, 6.482676], [3.198942, 6.698546], [3.43719, 6.698546], [3.43719, 6.482676]]]}, 'attributes': {}}	None	4188552796	4188552796	smat_kings	smat_kings	Lagos, Nigeria	Simplicity is my watchword. Leave and let‚Äôs live in one love.	01eddd9d0dbec2c8	https://api.twitter.com/1.1/geo/id/01eddd9d0dbec2c8.json	city	Ikeja	Ikeja, Nigeria	NG	Nigeria	NULL	Polygon	[[[3.198942, 6.482676], [3.198942, 6.698546], [3.43719, 6.698546], [3.43719, 6.482676]]]	NULL	NULL	NULL	NULL	en
Sat Mar 28 08:09:51 +0000 2020	1243812533309505536	1243812533309505536	Support Lagos State #COVID19Isolation Centers! üôèhttps://t.co/dEfm2kzC0E#covik19 #StayAtHomeAndStaySafe‚Ä¶ https://t.co/xAZZfGAV7S	True	<a href="http://twitter.com/download/android" rel="nofollow">Twitter for Android</a>	None	None	None	None	None	None	None	{'id': '01ed1f9a43bfb9bd', 'url': 'https://api.twitter.com/1.1/geo/id/01ed1f9a43bfb9bd.json', 'place_type': 'city', 'name': 'Victoria Island', 'full_name': 'Victoria Island, Nigeria', 'country_code': 'NG', 'country': 'Nigeria', 'bounding_box': {'type': 'Polygon', 'coordinates': [[[3.402322, 6.396264], [3.402322, 6.486797], [3.601369, 6.486797], [3.601369, 6.396264]]]}, 'attributes': {}}	None	180251716	180251716	SWAGGNEWS AFRICA #GoalKeeper #ClimateAction #SDGs	pocarlee	Lagos, Jos,  Nigeria.	Peace Ambassador. Climate Advocate. Media & Entertainment. Blogger. Co-founder @CCActionM swaggnewsafrica@gmail.com	01ed1f9a43bfb9bd	https://api.twitter.com/1.1/geo/id/01ed1f9a43bfb9bd.json	city	Victoria Island	Victoria Island, Nigeria	NG	Nigeria	NULL	Polygon	[[[3.402322, 6.396264], [3.402322, 6.486797], [3.601369, 6.486797], [3.601369, 6.396264]]]	NULL	NULL	NULL	NULL	en
Sat Mar 28 08:03:32 +0000 2020	1243810942812594176	1243810942812594176	/2I mean, just look at China. This shit STARTED in China, and now they're just sitting back, yawning and occasion‚Ä¶ https://t.co/GpueVUa4eK	True	<a href="http://twitter.com/download/android" rel="nofollow">Twitter for Android</a>	1243807785424486400	1243807785424486400	776750089754832896	776750089754832896	barrahart	None	None	{'id': '00e55e2b4c491c5f', 'url': 'https://api.twitter.com/1.1/geo/id/00e55e2b4c491c5f.json', 'place_type': 'city', 'name': 'Abuja', 'full_name': 'Abuja, Nigeria', 'country_code': 'NG', 'country': 'Nigeria', 'bounding_box': {'type': 'Polygon', 'coordinates': [[[7.304554, 8.961887], [7.304554, 9.185441], [7.543634, 9.185441], [7.543634, 8.961887]]]}, 'attributes': {}}	None	776750089754832896	776750089754832896	Barra Hart	barrahart	Earth (for now) 	Humanist ‚öõ :: Artist :: Writer :: He/Him üåà :: #EndSARS #FreeMubarakBala	00e55e2b4c491c5f	https://api.twitter.com/1.1/geo/id/00e55e2b4c491c5f.json	city	Abuja	Abuja, Nigeria	NG	Nigeria	NULL	Polygon	[[[7.304554, 8.961887], [7.304554, 9.185441], [7.543634, 9.185441], [7.543634, 8.961887]]]	NULL	NULL	NULL	NULL	en
Sat Mar 28 08:00:19 +0000 2020	1243810133840453632	1243810133840453632	Support Lagos State #COVID19Isolation Centers! üôèhttps://t.co/HWsE37oHsE#covik19 #StayAtHomeAndStaySafe‚Ä¶ https://t.co/sRcZP9NiBQ	True	<a href="http://twitter.com/download/android" rel="nofollow">Twitter for Android</a>	None	None	None	None	None	None	None	{'id': '01ed1f9a43bfb9bd', 'url': 'https://api.twitter.com/1.1/geo/id/01ed1f9a43bfb9bd.json', 'place_type': 'city', 'name': 'Victoria Island', 'full_name': 'Victoria Island, Nigeria', 'country_code': 'NG', 'country': 'Nigeria', 'bounding_box': {'type': 'Polygon', 'coordinates': [[[3.402322, 6.396264], [3.402322, 6.486797], [3.601369, 6.486797], [3.601369, 6.396264]]]}, 'attributes': {}}	None	180251716	180251716	SWAGGNEWS AFRICA #GoalKeeper #ClimateAction #SDGs	pocarlee	Lagos, Jos,  Nigeria.	Peace Ambassador. Climate Advocate. Media & Entertainment. Blogger. Co-founder @CCActionM swaggnewsafrica@gmail.com	01ed1f9a43bfb9bd	https://api.twitter.com/1.1/geo/id/01ed1f9a43bfb9bd.json	city	Victoria Island	Victoria Island, Nigeria	NG	Nigeria	NULL	Polygon	[[[3.402322, 6.396264], [3.402322, 6.486797], [3.601369, 6.486797], [3.601369, 6.396264]]]	NULL	NULL	NULL	NULL	en
Sat Mar 28 07:50:59 +0000 2020	1243807785424486400	1243807785424486400	/1The one silver lining in this #COVID19 pandemic is that it's exposed to the world what sorts of governments are‚Ä¶ https://t.co/Fx59gTQe0d	True	<a href="http://twitter.com/download/android" rel="nofollow">Twitter for Android</a>	None	None	None	None	None	None	None	{'id': '00e55e2b4c491c5f', 'url': 'https://api.twitter.com/1.1/geo/id/00e55e2b4c491c5f.json', 'place_type': 'city', 'name': 'Abuja', 'full_name': 'Abuja, Nigeria', 'country_code': 'NG', 'country': 'Nigeria', 'bounding_box': {'type': 'Polygon', 'coordinates': [[[7.304554, 8.961887], [7.304554, 9.185441], [7.543634, 9.185441], [7.543634, 8.961887]]]}, 'attributes': {}}	None	776750089754832896	776750089754832896	Barra Hart	barrahart	Earth (for now) 	Humanist ‚öõ :: Artist :: Writer :: He/Him üåà :: #EndSARS #FreeMubarakBala	00e55e2b4c491c5f	https://api.twitter.com/1.1/geo/id/00e55e2b4c491c5f.json	city	Abuja	Abuja, Nigeria	NG	Nigeria	NULL	Polygon	[[[7.304554, 8.961887], [7.304554, 9.185441], [7.543634, 9.185441], [7.543634, 8.961887]]]	NULL	NULL	NULL	NULL	en
Sat Mar 28 07:29:20 +0000 2020	1243802337824686082	1243802337824686082	Nigerians Worried As #CovidNGR Climb To 81 Cases, Trend #BuhariResignhttps://t.co/pVrwkyLWJT#StaySafeNigeria‚Ä¶ https://t.co/5CTnjUro7p	True	<a href="http://twitter.com/download/android" rel="nofollow">Twitter for Android</a>	None	None	None	None	None	None	None	{'id': '59b27337f38d658b', 'url': 'https://api.twitter.com/1.1/geo/id/59b27337f38d658b.json', 'place_type': 'country', 'name': 'Nigeria', 'full_name': 'Nigeria', 'country_code': 'NG', 'country': 'Nigeria', 'bounding_box': {'type': 'Polygon', 'coordinates': [[[2.665436, 4.197406], [2.665436, 13.888115], [14.677795, 13.888115], [14.677795, 4.197406]]]}, 'attributes': {}}	None	719934970354081792	719934970354081792	Naijaloveinfo	naijaloveinfo	Nigeria	Naijaloveinfo... Truly for everyone. Online News, Videos, Online Advert & Social Media; Phone: +2349012623404; Email: naijaloveinfo@gmail.com#Naijaloveinfo	59b27337f38d658b	https://api.twitter.com/1.1/geo/id/59b27337f38d658b.json	country	Nigeria	Nigeria	NG	Nigeria	NULL	Polygon	[[[2.665436, 4.197406], [2.665436, 13.888115], [14.677795, 13.888115], [14.677795, 4.197406]]]	NULL	NULL	NULL	NULL	en
Sat Mar 28 07:14:45 +0000 2020	1243798666370056195	1243798666370056195	OSINBAJO: Baba Nigerians said you should resign.BUHARI: Dan Allah, am I incharge before?#BuhariResign #covik19‚Ä¶ https://t.co/YSQdsUU5YO	True	<a href="http://twitter.com/download/android" rel="nofollow">Twitter for Android</a>	None	None	None	None	None	None	None	{'id': '00817d75276a95cf', 'url': 'https://api.twitter.com/1.1/geo/id/00817d75276a95cf.json', 'place_type': 'city', 'name': 'Lagos', 'full_name': 'Lagos, Nigeria', 'country_code': 'NG', 'country': 'Nigeria', 'bounding_box': {'type': 'Polygon', 'coordinates': [[[3.213147, 6.427886], [3.213147, 6.558339], [3.464064, 6.558339], [3.464064, 6.427886]]]}, 'attributes': {}}	None	3954829456	3954829456	Emir of Canada	jega_eleniyan	Canada in Jesus name.	üëâCyber Ops üëâIP4Vüëâ Windows server Administratorüëâ Tech specialist	00817d75276a95cf	https://api.twitter.com/1.1/geo/id/00817d75276a95cf.json	city	Lagos	Lagos, Nigeria	NG	Nigeria	NULL	Polygon	[[[3.213147, 6.427886], [3.213147, 6.558339], [3.464064, 6.558339], [3.464064, 6.427886]]]	NULL	NULL	NULL	NULL	en
Sat Mar 28 06:34:24 +0000 2020	1243788512127746049	1243788512127746049	Egungun should have been careful ü§£ü§£ü§£ü§£ü§£ now E don Happen üòÇüòÇ#StaySafeNigeria #PresidentCovikk #StayHome #Tacha‚Ä¶ https://t.co/rmEKhZOXVg	True	<a href="http://twitter.com/download/iphone" rel="nofollow">Twitter for iPhone</a>	None	None	None	None	None	None	None	{'id': '00817d75276a95cf', 'url': 'https://api.twitter.com/1.1/geo/id/00817d75276a95cf.json', 'place_type': 'city', 'name': 'Lagos', 'full_name': 'Lagos, Nigeria', 'country_code': 'NG', 'country': 'Nigeria', 'bounding_box': {'type': 'Polygon', 'coordinates': [[[3.213147, 6.427886], [3.213147, 6.558339], [3.464064, 6.558339], [3.464064, 6.427886]]]}, 'attributes': {}}	None	968891011933065216	968891011933065216	M S P NATION ENT Ô£ø	MSPNATIONENT	Lagos, Nigeria	We are gradually building an industry where dreams & achievements about entertainment intersect. @skopylonky|@yungstar_mbq |MANAGER | @masparay | @ceo_mspidcom	00817d75276a95cf	https://api.twitter.com/1.1/geo/id/00817d75276a95cf.json	city	Lagos	Lagos, Nigeria	NG	Nigeria	NULL	Polygon	[[[3.213147, 6.427886], [3.213147, 6.558339], [3.464064, 6.558339], [3.464064, 6.427886]]]	NULL	NULL	NULL	NULL	en
Sat Mar 28 06:21:58 +0000 2020	1243785383734902785	1243785383734902785	Quarantine Day 5 was productive Muse: @shefeeyah Shot by ur mobile photographer @iam_donolaf Camera: #iphone6Ed‚Ä¶ https://t.co/Hl4Q7EzvVT	True	<a href="http://twitter.com/download/iphone" rel="nofollow">Twitter for iPhone</a>	None	None	None	None	None	None	None	{'id': '01cba65c41c20b24', 'url': 'https://api.twitter.com/1.1/geo/id/01cba65c41c20b24.json', 'place_type': 'city', 'name': 'Ilorin', 'full_name': 'Ilorin, Nigeria', 'country_code': 'NG', 'country': 'Nigeria', 'bounding_box': {'type': 'Polygon', 'coordinates': [[[4.475251, 8.414557], [4.475251, 8.545302], [4.625297, 8.545302], [4.625297, 8.414557]]]}, 'attributes': {}}	None	2552442967	2552442967	Olaf of Unilorin	iam_donolaf	Kaduna,Ilorin,Lagos	UI designer , Graphics Designer , Photographer , Blogger , web developer. IG:- @iam_donolaf	01cba65c41c20b24	https://api.twitter.com/1.1/geo/id/01cba65c41c20b24.json	city	Ilorin	Ilorin, Nigeria	NG	Nigeria	NULL	Polygon	[[[4.475251, 8.414557], [4.475251, 8.545302], [4.625297, 8.545302], [4.625297, 8.414557]]]	NULL	NULL	NULL	NULL	en
Sat Mar 28 06:02:04 +0000 2020	1243780375580741632	1243780375580741632	To think some punk tried to defend covik19 https://t.co/t6dNknZLqk	False	<a href="http://twitter.com/download/iphone" rel="nofollow">Twitter for iPhone</a>	None	None	None	None	None	None	None	{'id': '011a942e0a0e8fb2', 'url': 'https://api.twitter.com/1.1/geo/id/011a942e0a0e8fb2.json', 'place_type': 'admin', 'name': 'Lagos', 'full_name': 'Lagos, Nigeria', 'country_code': 'NG', 'country': 'Nigeria', 'bounding_box': {'type': 'Polygon', 'coordinates': [[[2.706304, 6.370388], [2.706304, 6.698546], [4.350022, 6.698546], [4.350022, 6.370388]]]}, 'attributes': {}}	None	288161469	288161469	NAYNAYRISKY	naomi_crystal1	Lagos/PHC	Voice on Radio| Nenerisky|Drama Queen üëë|Xena: Warrior Princess. I am not a Nigerian Feminist thank you. IG: naomicrystal1 crystalokoro@gmail.com	011a942e0a0e8fb2	https://api.twitter.com/1.1/geo/id/011a942e0a0e8fb2.json	admin	Lagos	Lagos, Nigeria	NG	Nigeria	NULL	Polygon	[[[2.706304, 6.370388], [2.706304, 6.698546], [4.350022, 6.698546], [4.350022, 6.370388]]]	NULL	NULL	NULL	NULL	en
Sat Mar 28 05:46:13 +0000 2020	1243776387326054400	1243776387326054400	CoDick 19 inches üçÜ#covik19 #isolation #PresidentCovikk https://t.co/cZv4GILKTc	False	<a href="http://twitter.com/download/iphone" rel="nofollow">Twitter for iPhone</a>	None	None	None	None	None	None	None	{'id': '014a875e27311e81', 'url': 'https://api.twitter.com/1.1/geo/id/014a875e27311e81.json', 'place_type': 'admin', 'name': 'Kaduna', 'full_name': 'Kaduna, Nigeria', 'country_code': 'NG', 'country': 'Nigeria', 'bounding_box': {'type': 'Polygon', 'coordinates': [[[6.086587, 8.996574], [6.086587, 11.524381], [8.816134, 11.524381], [8.816134, 8.996574]]]}, 'attributes': {}}	None	941987460644556805	941987460644556805	IAmChiif	Chiif_	Lagos, Nigeria	You'll Know me!	014a875e27311e81	https://api.twitter.com/1.1/geo/id/014a875e27311e81.json	admin	Kaduna	Kaduna, Nigeria	NG	Nigeria	NULL	Polygon	[[[6.086587, 8.996574], [6.086587, 11.524381], [8.816134, 11.524381], [8.816134, 8.996574]]]	NULL	NULL	NULL	NULL	en
Sat Mar 28 05:41:37 +0000 2020	1243775229580673026	1243775229580673026	@SarkinJos @Oye440 Na Coro baby ooo, girls only wreck you or break you but #covik19 kills you	False	<a href="http://twitter.com/download/android" rel="nofollow">Twitter for Android</a>	1243772700784562176	1243772700784562176	1059198757	1059198757	TheGirlishlava	None	None	{'id': '0008cb6457ff0b55', 'url': 'https://api.twitter.com/1.1/geo/id/0008cb6457ff0b55.json', 'place_type': 'city', 'name': 'Port Harcourt', 'full_name': 'Port Harcourt, Nigeria', 'country_code': 'NG', 'country': 'Nigeria', 'bounding_box': {'type': 'Polygon', 'coordinates': [[[6.938066, 4.73377], [6.938066, 4.91549], [7.124485, 4.91549], [7.124485, 4.73377]]]}, 'attributes': {}}	None	734835036181139460	734835036181139460	Brostitute of PortHarcourt	manlikekari	Port Harcourt, Nigeria	Shawarma Chef üåØ  Ex pageant KingWriterModelKindly leave your dreams and follow me...	0008cb6457ff0b55	https://api.twitter.com/1.1/geo/id/0008cb6457ff0b55.json	city	Port Harcourt	Port Harcourt, Nigeria	NG	Nigeria	NULL	Polygon	[[[6.938066, 4.73377], [6.938066, 4.91549], [7.124485, 4.91549], [7.124485, 4.73377]]]	NULL	NULL	NULL	NULL	en
Sat Mar 28 05:37:14 +0000 2020	1243774126101352449	1243774126101352449	what y‚Äôall are doing. Good morning by the way #ResignBuhari #BuhariChallenge #covik19 #ImamOfPeace	False	<a href="http://twitter.com/download/iphone" rel="nofollow">Twitter for iPhone</a>	1243774123765043200	1243774123765043200	1038937279656550401	1038937279656550401	itz_karly01	None	None	{'id': '00e55e2b4c491c5f', 'url': 'https://api.twitter.com/1.1/geo/id/00e55e2b4c491c5f.json', 'place_type': 'city', 'name': 'Abuja', 'full_name': 'Abuja, Nigeria', 'country_code': 'NG', 'country': 'Nigeria', 'bounding_box': {'type': 'Polygon', 'coordinates': [[[7.304554, 8.961887], [7.304554, 9.185441], [7.543634, 9.185441], [7.543634, 8.961887]]]}, 'attributes': {}}	None	1038937279656550401	1038937279656550401	KHALID	itz_karly01	Nowhere	FUCKING NOBODY	00e55e2b4c491c5f	https://api.twitter.com/1.1/geo/id/00e55e2b4c491c5f.json	city	Abuja	Abuja, Nigeria	NG	Nigeria	NULL	Polygon	[[[7.304554, 8.961887], [7.304554, 9.185441], [7.543634, 9.185441], [7.543634, 8.961887]]]	NULL	NULL	NULL	NULL	en
Sat Mar 28 04:49:01 +0000 2020	1243761993330409478	1243761993330409478	Join me on Chipper Cash. It's an app that has saved me so many fees sending money instantly to anyone in Nigeria, G‚Ä¶ https://t.co/a5Go4m8UzM	True	<a href="http://twitter.com/download/android" rel="nofollow">Twitter for Android</a>	None	None	None	None	None	None	None	{'id': '01eddd9d0dbec2c8', 'url': 'https://api.twitter.com/1.1/geo/id/01eddd9d0dbec2c8.json', 'place_type': 'city', 'name': 'Ikeja', 'full_name': 'Ikeja, Nigeria', 'country_code': 'NG', 'country': 'Nigeria', 'bounding_box': {'type': 'Polygon', 'coordinates': [[[3.198942, 6.482676], [3.198942, 6.698546], [3.43719, 6.698546], [3.43719, 6.482676]]]}, 'attributes': {}}	None	1179955988276883456	1179955988276883456	Muna üÄÑ	wf_mona	I need bitcoin ü§≤ü§≤	Tuve que Hacerme fuertes.	01eddd9d0dbec2c8	https://api.twitter.com/1.1/geo/id/01eddd9d0dbec2c8.json	city	Ikeja	Ikeja, Nigeria	NG	Nigeria	NULL	Polygon	[[[3.198942, 6.482676], [3.198942, 6.698546], [3.43719, 6.698546], [3.43719, 6.482676]]]	NULL	NULL	NULL	NULL	en
Fri Mar 27 22:26:38 +0000 2020	1243665760750194688	1243665760750194688	@rootstvnigeria We are coming to give him more #Covik1_9virus ...Failed  #covik19_candidate https://t.co/sI60zPODCV	False	<a href="http://twitter.com/download/android" rel="nofollow">Twitter for Android</a>	1243603701459230720	1243603701459230720	1010034852064661506	1010034852064661506	rootstvnigeria	None	None	{'id': '0008cb6457ff0b55', 'url': 'https://api.twitter.com/1.1/geo/id/0008cb6457ff0b55.json', 'place_type': 'city', 'name': 'Port Harcourt', 'full_name': 'Port Harcourt, Nigeria', 'country_code': 'NG', 'country': 'Nigeria', 'bounding_box': {'type': 'Polygon', 'coordinates': [[[6.938066, 4.73377], [6.938066, 4.91549], [7.124485, 4.91549], [7.124485, 4.73377]]]}, 'attributes': {}}	None	889216692987060225	889216692987060225	PH Developer	aminigbo_paul	Port Harcourt, Nigeria	Software Engineer @ Harvoxx Tech Hub.	0008cb6457ff0b55	https://api.twitter.com/1.1/geo/id/0008cb6457ff0b55.json	city	Port Harcourt	Port Harcourt, Nigeria	NG	Nigeria	NULL	Polygon	[[[6.938066, 4.73377], [6.938066, 4.91549], [7.124485, 4.91549], [7.124485, 4.73377]]]	NULL	NULL	NULL	NULL	en
Fri Mar 27 22:14:05 +0000 2020	1243662605576810497	1243662605576810497	But let come to think of it... Where exactly is Buhari in all of this that we going through in this country‚Ä¶ https://t.co/oICgGyj7cr	True	<a href="http://twitter.com/download/android" rel="nofollow">Twitter for Android</a>	None	None	None	None	None	None	None	{'id': '01eddd9d0dbec2c8', 'url': 'https://api.twitter.com/1.1/geo/id/01eddd9d0dbec2c8.json', 'place_type': 'city', 'name': 'Ikeja', 'full_name': 'Ikeja, Nigeria', 'country_code': 'NG', 'country': 'Nigeria', 'bounding_box': {'type': 'Polygon', 'coordinates': [[[3.198942, 6.482676], [3.198942, 6.698546], [3.43719, 6.698546], [3.43719, 6.482676]]]}, 'attributes': {}}	None	936763496808767488	936763496808767488	Alexüá≥üá¨üïó	Alex_praize	None	You've just met a wonderful guy named Alex Follow back to experience some wonders	01eddd9d0dbec2c8	https://api.twitter.com/1.1/geo/id/01eddd9d0dbec2c8.json	city	Ikeja	Ikeja, Nigeria	NG	Nigeria	NULL	Polygon	[[[3.198942, 6.482676], [3.198942, 6.698546], [3.43719, 6.698546], [3.43719, 6.482676]]]	NULL	NULL	NULL	NULL	en
Fri Mar 27 19:06:41 +0000 2020	1243615444017328128	1243615444017328128	Build Hospitals NOPE! The National Assembly they wanted to "renovate" with 37 billion is currently empty because th‚Ä¶ https://t.co/zChUzpeucX	True	<a href="http://twitter.com/download/android" rel="nofollow">Twitter for Android</a>	None	None	None	None	None	None	None	{'id': '01eddd9d0dbec2c8', 'url': 'https://api.twitter.com/1.1/geo/id/01eddd9d0dbec2c8.json', 'place_type': 'city', 'name': 'Ikeja', 'full_name': 'Ikeja, Nigeria', 'country_code': 'NG', 'country': 'Nigeria', 'bounding_box': {'type': 'Polygon', 'coordinates': [[[3.198942, 6.482676], [3.198942, 6.698546], [3.43719, 6.698546], [3.43719, 6.482676]]]}, 'attributes': {}}	None	1167424651766710272	1167424651766710272	OLUWASTONER	ORISHA_SEGUN	None	Bitcoin evangelist, psychonaut, unwanted plant believer, blockchain and crypto lover. iWrite and iCode, Non Religious PanAfricanist. My tweets are rated 41+	01eddd9d0dbec2c8	https://api.twitter.com/1.1/geo/id/01eddd9d0dbec2c8.json	city	Ikeja	Ikeja, Nigeria	NG	Nigeria	NULL	Polygon	[[[3.198942, 6.482676], [3.198942, 6.698546], [3.43719, 6.698546], [3.43719, 6.482676]]]	NULL	NULL	NULL	NULL	en
Fri Mar 27 17:22:30 +0000 2020	1243589223694860288	1243589223694860288	Forget about #imaam #covik19 #Covik1_9virus  üòÇüîû.This video is going to make your day https://t.co/NVL653LudX	False	<a href="http://twitter.com/download/android" rel="nofollow">Twitter for Android</a>	None	None	None	None	None	None	None	{'id': '008813f66143786a', 'url': 'https://api.twitter.com/1.1/geo/id/008813f66143786a.json', 'place_type': 'city', 'name': 'Yola', 'full_name': 'Yola, Nigeria', 'country_code': 'NG', 'country': 'Nigeria', 'bounding_box': {'type': 'Polygon', 'coordinates': [[[12.369965, 9.221559], [12.369965, 9.292503], [12.478418, 9.292503], [12.478418, 9.221559]]]}, 'attributes': {}}	None	1224713335448440838	1224713335448440838	SADEEQ CODER	sadeeq_ismaela	Earth	Software engineer | WEB DEVELOPER | MERN Stacknode.js and react.js.Alhamdulillah‚ú® http://B.Tech Computer Sciencehttps://github.com/ismaelsadeeq	008813f66143786a	https://api.twitter.com/1.1/geo/id/008813f66143786a.json	city	Yola	Yola, Nigeria	NG	Nigeria	NULL	Polygon	[[[12.369965, 9.221559], [12.369965, 9.292503], [12.478418, 9.292503], [12.478418, 9.221559]]]	NULL	NULL	NULL	NULL	en
Fri Mar 27 16:42:42 +0000 2020	1243579206447042568	1243579206447042568	@Imamofpeace May you be blessed abundantly for helping us drag the stweepid #covik19 presido. We will never forget.	False	<a href="http://twitter.com/download/android" rel="nofollow">Twitter for Android</a>	1243507071988817923	1243507071988817923	1583865109	1583865109	Imamofpeace	None	None	{'id': '01a2d3e42a909c72', 'url': 'https://api.twitter.com/1.1/geo/id/01a2d3e42a909c72.json', 'place_type': 'city', 'name': 'Sangotedo', 'full_name': 'Sangotedo, Nigeria', 'country_code': 'NG', 'country': 'Nigeria', 'bounding_box': {'type': 'Polygon', 'coordinates': [[[3.602534, 6.465971], [3.602534, 6.480859], [3.640534, 6.480859], [3.640534, 6.465971]]]}, 'attributes': {}}	None	2207191139	2207191139	Mazi Iyke	IykeGodslove	Lagos	Lovely husband and proud dad. Unapologetically Igbo. GGMU and Heartlands FC fan	01a2d3e42a909c72	https://api.twitter.com/1.1/geo/id/01a2d3e42a909c72.json	city	Sangotedo	Sangotedo, Nigeria	NG	Nigeria	NULL	Polygon	[[[3.602534, 6.465971], [3.602534, 6.480859], [3.640534, 6.480859], [3.640534, 6.465971]]]	NULL	NULL	NULL	NULL	en
Fri Mar 27 16:06:43 +0000 2020	1243570153222279173	1243570153222279173	Dear Imam, please call names. We won't to drag and shame them.#covik19 #Covik1_9virus https://t.co/0hQ1WzYVGX	False	<a href="http://twitter.com/download/android" rel="nofollow">Twitter for Android</a>	None	None	None	None	None	None	None	{'id': '00e55e2b4c491c5f', 'url': 'https://api.twitter.com/1.1/geo/id/00e55e2b4c491c5f.json', 'place_type': 'city', 'name': 'Abuja', 'full_name': 'Abuja, Nigeria', 'country_code': 'NG', 'country': 'Nigeria', 'bounding_box': {'type': 'Polygon', 'coordinates': [[[7.304554, 8.961887], [7.304554, 9.185441], [7.543634, 9.185441], [7.543634, 8.961887]]]}, 'attributes': {}}	None	202577174	202577174	Mr Chris¬Æ	chrisnwadike	Abuja, Nigeria	An ardent believer in a better Nigeria.	00e55e2b4c491c5f	https://api.twitter.com/1.1/geo/id/00e55e2b4c491c5f.json	city	Abuja	Abuja, Nigeria	NG	Nigeria	NULL	Polygon	[[[7.304554, 8.961887], [7.304554, 9.185441], [7.543634, 9.185441], [7.543634, 8.961887]]]	NULL	NULL	NULL	NULL	en
Fri Mar 27 14:23:34 +0000 2020	1243544192451776514	1243544192451776514	Man has an agenda, covik19 was just the perfect excuse for him to preach the gospel of hate. https://t.co/4Hs26Zbd43	False	<a href="http://twitter.com/download/iphone" rel="nofollow">Twitter for iPhone</a>	None	None	None	None	None	None	None	{'id': '00817d75276a95cf', 'url': 'https://api.twitter.com/1.1/geo/id/00817d75276a95cf.json', 'place_type': 'city', 'name': 'Lagos', 'full_name': 'Lagos, Nigeria', 'country_code': 'NG', 'country': 'Nigeria', 'bounding_box': {'type': 'Polygon', 'coordinates': [[[3.213147, 6.427886], [3.213147, 6.558339], [3.464064, 6.558339], [3.464064, 6.427886]]]}, 'attributes': {}}	None	237772780	237772780	GIWA ....	olalekang	Nigeria	Youth Advocate for Change || Global citizen ||Realist|| #upRight4Nigeria ||	00817d75276a95cf	https://api.twitter.com/1.1/geo/id/00817d75276a95cf.json	city	Lagos	Lagos, Nigeria	NG	Nigeria	NULL	Polygon	[[[3.213147, 6.427886], [3.213147, 6.558339], [3.464064, 6.558339], [3.464064, 6.427886]]]	NULL	NULL	NULL	NULL	en
Fri Mar 27 10:23:18 +0000 2020	1243483730657894401	1243483730657894401	@bitrusjnr @Abubakr_raul That has been done now. Yes the covik19 video.	False	<a href="http://twitter.com/#!/download/ipad" rel="nofollow">Twitter for iPad</a>	1243466368340680704	1243466368340680704	194111452	194111452	bitrusjnr	None	None	{'id': '00e55e2b4c491c5f', 'url': 'https://api.twitter.com/1.1/geo/id/00e55e2b4c491c5f.json', 'place_type': 'city', 'name': 'Abuja', 'full_name': 'Abuja, Nigeria', 'country_code': 'NG', 'country': 'Nigeria', 'bounding_box': {'type': 'Polygon', 'coordinates': [[[7.304554, 8.961887], [7.304554, 9.185441], [7.543634, 9.185441], [7.543634, 8.961887]]]}, 'attributes': {}}	None	148064480	148064480	Humble Afrikan üë®üèæ‚Äç‚úàÔ∏è	_Captain_X_	Federal Capital Territory, Nig	La Ghaliba Illallah.	00e55e2b4c491c5f	https://api.twitter.com/1.1/geo/id/00e55e2b4c491c5f.json	city	Abuja	Abuja, Nigeria	NG	Nigeria	NULL	Polygon	[[[7.304554, 8.961887], [7.304554, 9.185441], [7.543634, 9.185441], [7.543634, 8.961887]]]	NULL	NULL	NULL	NULL	en
Sun Mar 22 20:20:57 +0000 2020	1241822194050772993	1241822194050772993	Ahhh Nigeria shall follow suit and lockdown the country's activities. No need to panic, there's rice in Kano. #Covik1/9 #KOVID19 #Covik19 üòú	False	<a href="http://twitter.com/download/iphone" rel="nofollow">Twitter for iPhone</a>	None	None	None	None	None	None	None	{'id': '00611f1548c7bdef', 'url': 'https://api.twitter.com/1.1/geo/id/00611f1548c7bdef.json', 'place_type': 'city', 'name': 'Kano', 'full_name': 'Kano, Nigeria', 'country_code': 'NG', 'country': 'Nigeria', 'bounding_box': {'type': 'Polygon', 'coordinates': [[[8.447599, 11.929633], [8.447599, 12.080367], [8.607335, 12.080367], [8.607335, 11.929633]]]}, 'attributes': {}}	None	1136131978779136001	1136131978779136001	Mr.Ahmad Ilu	IluAhmad_	None	Economics, Finance & Data Analysis üìà üìä üìâ | Fmr Account: @Iluahmad was suspended	00611f1548c7bdef	https://api.twitter.com/1.1/geo/id/00611f1548c7bdef.json	city	Kano	Kano, Nigeria	NG	Nigeria	NULL	Polygon	[[[8.447599, 11.929633], [8.447599, 12.080367], [8.607335, 12.080367], [8.607335, 11.929633]]]	NULL	NULL	NULL	NULL	en
