Fri Oct 30 08:22:10 +0000 2020	1322091412041699328	1322091412041699328	TREATMENTS FOR BREAST CANCER.¬©Aparci_ngInspired by Healthline#aparcicare #aparci #beuimme‚Ä¶ https://t.co/PTGDRTordV	True	<a href="https://mobile.twitter.com" rel="nofollow">Twitter Web App</a>	None	None	None	None	None	None	None	None	None	1057258748987748352	1057258748987748352	ADVOCACY FOR PEACE AND RIGHT CHOICE INITIATIVE	aparci_ng	Lagos, Nigeria	APARCI core mission is to support mental wellness and creating an enduring impression positively affecting people's lives, elevating spirits.	NULL	NULL	NULL	NULL	NULL	NULL	NULL	NULL	NULL	NULL	NULL	NULL	NULL	NULL	en
Wed Oct 28 07:24:32 +0000 2020	1321352133543927808	1321352133543927808	TYPES OF BREAST CANCER (II).¬©Aparci_ngInspired by Healthline #aparci #beuimme   #breastcancerawarenessmonth‚Ä¶ https://t.co/iDvivd9uwH	True	<a href="https://mobile.twitter.com" rel="nofollow">Twitter Web App</a>	None	None	None	None	None	None	None	None	None	1057258748987748352	1057258748987748352	ADVOCACY FOR PEACE AND RIGHT CHOICE INITIATIVE	aparci_ng	Lagos, Nigeria	APARCI core mission is to support mental wellness and creating an enduring impression positively affecting people's lives, elevating spirits.	NULL	NULL	NULL	NULL	NULL	NULL	NULL	NULL	NULL	NULL	NULL	NULL	NULL	NULL	en
Thu Oct 08 09:02:52 +0000 2020	1314129119513399296	1314129119513399296	Our Sterile Fogger Machine is mobile, easily transportable and it comes with a handy fashionable pouch. You can tak‚Ä¶ https://t.co/Sd04oaiUv5	True	<a href="https://mobile.twitter.com" rel="nofollow">Twitter Web App</a>	None	None	None	None	None	None	None	None	None	1276446240960663552	1276446240960663552	Sterile Safe Africa	sterile_safe	None	None	NULL	NULL	NULL	NULL	NULL	NULL	NULL	NULL	NULL	NULL	NULL	NULL	NULL	NULL	en
Sun Oct 04 08:39:42 +0000 2020	1312673738035519491	1312673738035519491	‚ÄúCUTA BA MUTUWA BA‚ÄùKar kaji tsoro yayin da kaji alamu na ciwo. Maza garzaya Asibiti, domin tsira da lafiya yafi ts‚Ä¶ https://t.co/PDeM0QspJS	True	<a href="http://twitter.com/download/iphone" rel="nofollow">Twitter for iPhone</a>	None	None	None	None	None	None	None	None	None	477255180	477255180	F A L A LU A. D O R A Y I	FalaluDorayi	Kano, kaduna, Nigeria	Film Director.	NULL	NULL	NULL	NULL	NULL	NULL	NULL	NULL	NULL	NULL	NULL	NULL	NULL	NULL	in
Sat Oct 03 18:10:20 +0000 2020	1312454957031804929	1312454957031804929	#Covid19 ‚ÄúRASHIN SANI....‚ÄùKomai kankantar shawarar masana, kar mutun yai wasa da ita.Domin lafiya dai uwar jiki‚Ä¶ https://t.co/lJBH1FVa8f	True	<a href="http://twitter.com/download/iphone" rel="nofollow">Twitter for iPhone</a>	None	None	None	None	None	None	None	None	None	477255180	477255180	F A L A LU A. D O R A Y I	FalaluDorayi	Kano, kaduna, Nigeria	Film Director.	NULL	NULL	NULL	NULL	NULL	NULL	NULL	NULL	NULL	NULL	NULL	NULL	NULL	NULL	in
Tue Sep 29 21:14:59 +0000 2020	1311051872212484099	1311051872212484099	Nigeria At The Risk Of Another Covid-19 Explosion - NCDCNigeria At The Risk Of Another Covid-19 Explosion - NCDChtt‚Ä¶ https://t.co/y448ihK9uL	True	<a href="https://www.citynewsng.com" rel="nofollow">citynewsng</a>	None	None	None	None	None	None	None	None	None	1152496307958898688	1152496307958898688	ireportnews	ireportnews1	Lagos	ireportnews say it all on business, sports, entertainment, politics and celeb gist	NULL	NULL	NULL	NULL	NULL	NULL	NULL	NULL	NULL	NULL	NULL	NULL	NULL	NULL	en
Sat Sep 12 05:54:59 +0000 2020	1304659755848220673	1304659755848220673	@Ncdcnigeria Irrespect of the covid 19 test on arrival to Nigeria some passengers were stranded and refused boardin‚Ä¶ https://t.co/OCcAiEwsDt	True	<a href="http://twitter.com/download/android" rel="nofollow">Twitter for Android</a>	None	None	None	None	None	None	None	None	None	1304642534497333255	1304642534497333255	Jossy Donald	JossyObinna	Medan Baru, Indonesia	21//012021	NULL	NULL	NULL	NULL	NULL	NULL	NULL	NULL	NULL	NULL	NULL	NULL	NULL	NULL	en
Mon Aug 17 05:50:34 +0000 2020	1295236560057761792	1295236560057761792	Let's see how you #wearamaskinpublicProtect yourself.Protect others.Defile the risk of #COVID19#WearAMask‚Ä¶ https://t.co/B8dAjVxEWq	True	<a href="http://twitter.com/download/android" rel="nofollow">Twitter for Android</a>	None	None	None	None	None	None	None	None	None	132843503	132843503	Oseni Owolabi	ajimomuya	√úT: 0.0,0.0	The authentic voice of Somolu and Somolites. Hard working, pressman, educator, media consultant, researcher, motivational speaker, Omo Naija to the core!	NULL	NULL	NULL	NULL	NULL	NULL	NULL	NULL	NULL	NULL	NULL	NULL	NULL	NULL	en
Mon Aug 10 17:03:24 +0000 2020	1292869168128307202	1292869168128307202	SaFZone Biosafety Cabinet, Class II, A2. Contact us Today:Email:the sourcing hub Nigeria https://t.co/JD9JAW88F4+‚Ä¶ https://t.co/ukDsg30lAD	True	<a href="http://instagram.com" rel="nofollow">Instagram</a>	None	None	None	None	None	None	None	None	None	826108805490540550	826108805490540550	The Sourcing Hub NG	tshnigeria	Nigeria	Hospital and Laboratory Equipments, Reagents, Consumables, Equipments Installation and Maintenance Services, Procurement	NULL	NULL	NULL	NULL	NULL	NULL	NULL	NULL	NULL	NULL	NULL	NULL	NULL	NULL	en
Sun Aug 09 10:22:45 +0000 2020	1292405953640501248	1292405953640501248	This government are using @officialnairam1 just to catch cruise, when I saw APC rallies then I understood why‚Ä¶ https://t.co/DAm0V8MuWl	True	<a href="http://twitter.com/download/android" rel="nofollow">Twitter for Android</a>	None	None	None	None	None	None	None	None	None	713332707	713332707	BabyAmar 26‚úñ	Naughty_Ustaz	Kadunaüêä	Believe in Karma you get what you deserve üåù#Jealous_typeüòöüòñ#Biologistüíìüéâ#RIPDADüò¢üíî#BscDoneüèÜ#Barcafanüíô#Fulani üêÆ#I_Sell_gingerüåæ#Modelüëëüî•	NULL	NULL	NULL	NULL	NULL	NULL	NULL	NULL	NULL	NULL	NULL	NULL	NULL	NULL	en
Sun Aug 09 07:22:06 +0000 2020	1292360489821966338	1292360489821966338	#maskupnaija #takeresponsibility #ncdcgovnigeria #COVID19 #iampublichealth #womeninglobalhealth #maskingforafriend‚Ä¶ https://t.co/mAlNHYvjBI	True	<a href="http://twitter.com/download/android" rel="nofollow">Twitter for Android</a>	None	None	None	None	None	None	None	None	None	471823091	471823091	Aisha SG	yeeshmeena	None	Global health enthusiast; Fitness addict. I implement research aimed at providing answers to some of  Africa's major public health treat.	NULL	NULL	NULL	NULL	NULL	NULL	NULL	NULL	NULL	NULL	NULL	NULL	NULL	NULL	und
Thu Jul 30 01:40:24 +0000 2020	1288650619801284608	1288650619801284608	#birthdayboy #partytime #ncdcgovnigeria #ncdc we did a party come and join us ooh flexing and groove üíØ% ooh but to‚Ä¶ https://t.co/UPydM0awZ4	True	<a href="http://instagram.com" rel="nofollow">Instagram</a>	None	None	None	None	None	None	None	None	None	4518352162	4518352162	officialdjchoice	darealdjchoice	Lagos, Nigeria	am a (dee jay)and a producer and sound engineer also (VDJ) in GALAXY	NULL	NULL	NULL	NULL	NULL	NULL	NULL	NULL	NULL	NULL	NULL	NULL	NULL	NULL	en
Mon Jul 27 21:45:37 +0000 2020	1287866758154424321	1287866758154424321	Face masks less cumbersome than being on ventilators, says NCDCNigeria ‚Äî The Guardian Nigeria News ‚Äì Nig READ MORE https://t.co/sjdCqJYo1V	False	<a href="http://www.newsheadlines.com.ng" rel="nofollow">News Headlines Nigeria</a>	None	None	None	None	None	None	None	None	None	2957374967	2957374967	News Headlines	newsheadlinesng	Nigeria	None	NULL	NULL	NULL	NULL	NULL	NULL	NULL	NULL	NULL	NULL	NULL	NULL	NULL	NULL	en
Thu Jul 23 14:00:28 +0000 2020	1286300147039772673	1286300147039772673	Headed for a COVID-19 test. Don't fret nothing to worry about. Just routine test. #gettestedtoday #coronamemes‚Ä¶ https://t.co/QuiGAPvt8a	True	<a href="http://instagram.com" rel="nofollow">Instagram</a>	None	None	None	None	None	None	None	None	None	70370165	70370165	Lummie Edevbie	LummieEdevbie	 Burundi St Abuja	Writer/Creative Director/Producer travel where the stories is! Documentary feature or TV	NULL	NULL	NULL	NULL	NULL	NULL	NULL	NULL	NULL	NULL	NULL	NULL	NULL	NULL	en
Thu Jul 23 06:02:44 +0000 2020	1286179925297258497	1286179925297258497	#Repost ndm_comedy‚Ä¢ ‚Ä¢ ‚Ä¢ ‚Ä¢ ‚Ä¢ ‚Ä¢.One assignment by @Agagaseasonman#agagaseasonman@Agagaseasonman #oneassignment‚Ä¶ https://t.co/fdjjq166Af	True	<a href="http://instagram.com" rel="nofollow">Instagram</a>	None	None	None	None	None	{'type': 'Point', 'coordinates': [6.89, 3.017]}	{'type': 'Point', 'coordinates': [3.017, 6.89]}	{'id': '012dd0d926e885d0', 'url': 'https://api.twitter.com/1.1/geo/id/012dd0d926e885d0.json', 'place_type': 'city', 'name': 'Ilaro', 'full_name': 'Ilaro, Nigeria', 'country_code': 'NG', 'country': 'Nigeria', 'bounding_box': {'type': 'Polygon', 'coordinates': [[[2.985147, 6.873271], [2.985147, 6.909509], [3.029498, 6.909509], [3.029498, 6.873271]]]}, 'attributes': {}}	None	848610560254062592	848610560254062592	Agagamrmoney	Agagaseasonman	Nigeria	Musician/band Amotekun X One Assignment Crooner.Recording & Performing Artist! Songwriter! Lyricist! Bookings:-agagamrpupa@gmail.com+2348112553369	012dd0d926e885d0	https://api.twitter.com/1.1/geo/id/012dd0d926e885d0.json	city	Ilaro	Ilaro, Nigeria	NG	Nigeria	NULL	Polygon	[[[2.985147, 6.873271], [2.985147, 6.909509], [3.029498, 6.909509], [3.029498, 6.873271]]]	Point	[6.89, 3.017]	NULL	[3.017, 6.89]	en
Tue Jul 21 00:08:18 +0000 2020	1285365951152762882	1285365951152762882	Nigeria is such a Joke Street üò¢The New Trend is to Now Faint your way out of trouble, thats the new Format üòÇüòÇ_‚Ä¶ https://t.co/vB2SRiLPgs	True	<a href="http://instagram.com" rel="nofollow">Instagram</a>	None	None	None	None	None	None	None	None	None	96076924	96076924	Juanes ‚ô•_‚ô•	sijilagos	TheJourney	Realist‚Ä¢Media-Fashion Bible‚Ä¢Digital-Media-Gee‚Ä¢ LifeLover‚Ä¢Buddin OAP‚Ä¢ Sc: Sijizell ‚Ä¢Workaddict ‚Ä¢ Media Critic/Reviewer‚Ä¢MoneyMaker‚Ä¢ sijilagos üó£ #ChrisLam	NULL	NULL	NULL	NULL	NULL	NULL	NULL	NULL	NULL	NULL	NULL	NULL	NULL	NULL	en
Sat Jul 18 14:15:04 +0000 2020	1284491884963012611	1284491884963012611	#ncdc #ncdcgovnigeria https://t.co/MJJaChcLeW	False	<a href="http://instagram.com" rel="nofollow">Instagram</a>	None	None	None	None	None	None	None	None	None	1220817220193988609	1220817220193988609	Spiff Media Entertainment. Limited	spiffmedia2	Lagos, Nigeria	Magazine Publication, Advertisement Agency, Cinematography, Pageantry, Modeling Academy, TV | Radio station. @missroyalitynig @spiffymag +2348064017409.	NULL	NULL	NULL	NULL	NULL	NULL	NULL	NULL	NULL	NULL	NULL	NULL	NULL	NULL	und
Sat Jul 18 13:46:18 +0000 2020	1284484643048357888	1284484643048357888	COVID-19 and Malaria present with same symptoms but they are two different diseases.Seek medical advice if you ha‚Ä¶ https://t.co/P7TV5mrmeQ	True	<a href="http://twitter.com/download/iphone" rel="nofollow">Twitter for iPhone</a>	None	None	None	None	None	None	None	None	None	1082219003442089984	1082219003442089984	Famacare Centre Limited	famacare	Egbeda, Nigeria	We are a primary health care centre that provides primary healthcare services to residents of densely populated areas.	NULL	NULL	NULL	NULL	NULL	NULL	NULL	NULL	NULL	NULL	NULL	NULL	NULL	NULL	en
Fri Jul 03 18:15:32 +0000 2020	1279116583072399361	1279116583072399361	https://t.co/hsxQYO4UxT#coviÃád19 #covid„Éº19 #ncdcgovnigeria #ncdcc https://t.co/XIHWIGJNbw	False	<a href="http://instagram.com" rel="nofollow">Instagram</a>	None	None	None	None	None	None	None	None	None	1248218506094694402	1248218506094694402	Agbo Iroyin	AgboIroyin	Lagos	Nibi le o ti ri iroyin ni ede Yoruba to gbamuse, ti o si si tabi sugbon ninu re	NULL	NULL	NULL	NULL	NULL	NULL	NULL	NULL	NULL	NULL	NULL	NULL	NULL	NULL	und
Sat Jun 27 17:17:31 +0000 2020	1276927653493309442	1276927653493309442	2 days to release‚ùó‚ùó‚ùóWatch out: We say thank  üé¨üé¨ by Nurse @Emaculate105-#musicvideo #music #ncdcgovnigeria‚Ä¶ https://t.co/8icY0gExUo	True	<a href="http://twitter.com/download/android" rel="nofollow">Twitter for Android</a>	None	None	None	None	None	None	None	None	None	1169927162578788353	1169927162578788353	NJO Nurses #EndSARS	njonurses	Lagos, Nigeria	Doing everything possible to promote NURSING profession in Nigeria.	NULL	NULL	NULL	NULL	NULL	NULL	NULL	NULL	NULL	NULL	NULL	NULL	NULL	NULL	en
Thu Jun 25 16:57:06 +0000 2020	1276197739496423424	1276197739496423424	We must stop the killing in Northern NigeriaPlease #TakeResponsibility by making adequate provision for hand washi‚Ä¶ https://t.co/yDHOkCl36g	True	<a href="http://twitter.com/download/iphone" rel="nofollow">Twitter for iPhone</a>	None	None	None	None	None	None	None	None	None	995822239445667840	995822239445667840	Mc Alfalaila üá≥üá¨	AlfalailaMc	Nigeria	Comedian Info & enquries: mcalfalaila@gmail.com 0813 258 5347	NULL	NULL	NULL	NULL	NULL	NULL	NULL	NULL	NULL	NULL	NULL	NULL	NULL	NULL	en
Thu Jun 25 13:05:51 +0000 2020	1276139542064574468	1276139542064574468	Newly installed Thermometric Disinfection Sanitizing Tunnel.....Price N5m....#ncdc #ncdcgovnigeria‚Ä¶ https://t.co/uIh0U3bK00	True	<a href="http://instagram.com" rel="nofollow">Instagram</a>	None	None	None	None	None	None	None	None	None	1197212232821723136	1197212232821723136	Euphoria Effects & Blueprints	EuphoriaEffects	Lagos, Nigeria	EuphoriaEffects & Blueprints is a leading Supplier & installation company of Physical Security Products, GarageDoors Automatic gates Industrial Roller Shutters	NULL	NULL	NULL	NULL	NULL	NULL	NULL	NULL	NULL	NULL	NULL	NULL	NULL	NULL	en
Wed Jun 24 04:23:30 +0000 2020	1275645703952437250	1275645703952437250	452 new cases of #COVID in #Nigeria ,toll now 21,371 ‚Å£.‚Å£.‚Å£.‚Å£.‚Å£.‚Å£#covid19 #coronavirus #instablog9ja #covid‚Ä¶ https://t.co/js4ewtbYGm	True	<a href="http://twitter.com/download/iphone" rel="nofollow">Twitter for iPhone</a>	None	None	None	None	None	None	None	None	None	1116644906456498178	1116644906456498178	Instascoop9ja	instascoop9ja	Atlanta, GA	24/7 news , Entertainment,gossip, real life stories..... send us breaking stories at instacoop9ja@gmail.com	NULL	NULL	NULL	NULL	NULL	NULL	NULL	NULL	NULL	NULL	NULL	NULL	NULL	NULL	en
Tue Jun 23 12:11:20 +0000 2020	1275401049533276160	1275401049533276160	https://t.co/0qjsjB2hOm#ncdcgovnigeria #coviÃád19 #covid„Éº19 https://t.co/Xd5apI8vzx	False	<a href="http://instagram.com" rel="nofollow">Instagram</a>	None	None	None	None	None	None	None	None	None	1248218506094694402	1248218506094694402	Agbo Iroyin	AgboIroyin	Lagos	Nibi le o ti ri iroyin ni ede Yoruba to gbamuse, ti o si si tabi sugbon ninu re	NULL	NULL	NULL	NULL	NULL	NULL	NULL	NULL	NULL	NULL	NULL	NULL	NULL	NULL	und
Mon Jun 22 08:29:57 +0000 2020	1274982948090118145	1274982948090118145	@NCDCgov I will like to use this opportunity to congratulate #ncdcgovnigeria For their 20k new followers ü§óBravo!!!‚Ä¶ https://t.co/2uX0ZwMggc	True	<a href="http://twitter.com/download/iphone" rel="nofollow">Twitter for iPhone</a>	1274832787393167361	1274832787393167361	705694814612938752	705694814612938752	NCDCgov	None	None	None	None	1212591710909255686	1212591710909255686	KHALIFA	AdamKhaleefah	My fathers house	REAL MADRID ‚öΩÔ∏è	NULL	NULL	NULL	NULL	NULL	NULL	NULL	NULL	NULL	NULL	NULL	NULL	NULL	NULL	en
Sat Jun 20 09:40:50 +0000 2020	1274276010712797186	1274276010712797186	https://t.co/rGwHli11EK #ncdcgovnigeria #ncdcc #ncdcgov #covid19 #covid„Éº19 #coviÃád19Nigeria https://t.co/64hsBaimE7	False	<a href="http://instagram.com" rel="nofollow">Instagram</a>	None	None	None	None	None	None	None	None	None	1248218506094694402	1248218506094694402	Agbo Iroyin	AgboIroyin	Lagos	Nibi le o ti ri iroyin ni ede Yoruba to gbamuse, ti o si si tabi sugbon ninu re	NULL	NULL	NULL	NULL	NULL	NULL	NULL	NULL	NULL	NULL	NULL	NULL	NULL	NULL	und
Fri Jun 19 19:47:27 +0000 2020	1274066284196564992	1274066284196564992	https://t.co/rkVnfbEdb2 #ncdcgovnigeria #coviÃád19 #coviÃád19 #coronavirus https://t.co/FRAL1tmV9L	False	<a href="http://instagram.com" rel="nofollow">Instagram</a>	None	None	None	None	None	None	None	None	None	1248218506094694402	1248218506094694402	Agbo Iroyin	AgboIroyin	Lagos	Nibi le o ti ri iroyin ni ede Yoruba to gbamuse, ti o si si tabi sugbon ninu re	NULL	NULL	NULL	NULL	NULL	NULL	NULL	NULL	NULL	NULL	NULL	NULL	NULL	NULL	und
Tue Jun 16 11:03:44 +0000 2020	1272847320296628227	1272847320296628227	https://t.co/HsTyXW8yj5#covidmemes #covƒ±d19  #ncdcgovnigeria https://t.co/9LLouoxu3V	False	<a href="http://instagram.com" rel="nofollow">Instagram</a>	None	None	None	None	None	None	None	None	None	1248218506094694402	1248218506094694402	Agbo Iroyin	AgboIroyin	Lagos	Nibi le o ti ri iroyin ni ede Yoruba to gbamuse, ti o si si tabi sugbon ninu re	NULL	NULL	NULL	NULL	NULL	NULL	NULL	NULL	NULL	NULL	NULL	NULL	NULL	NULL	und
Mon Jun 15 08:34:33 +0000 2020	1272447392567177217	1272447392567177217	COVID-19: Guidelines For The Re-opening Of Churches - NCDCBy Olakanmi Moyosore15, June 2020‚Ä¶ https://t.co/51rQP0MD5B	True	<a href="http://twitter.com/download/android" rel="nofollow">Twitter for Android</a>	None	None	None	None	None	None	None	None	None	1145854104	1145854104	Wisdom Gate Radio	WiGRadio	Lagos, Nigeria	Leading online gospel radio reaching the world with Good News. Listen via http://wigradio.com or app via http://wigradio.com/apps +2348039701132	NULL	NULL	NULL	NULL	NULL	NULL	NULL	NULL	NULL	NULL	NULL	NULL	NULL	NULL	en
Mon Jun 08 02:10:42 +0000 2020	1269814074512113664	1269814074512113664	POST LOCKDOWN EXPERIENCE 07-06-2020A member of the Choir and Praise and Worship Team üé∫üé∂, shared her experiences.‚Ä¶ https://t.co/U0KjaAu4NR	True	<a href="http://instagram.com" rel="nofollow">Instagram</a>	None	None	None	None	None	{'type': 'Point', 'coordinates': [8.94955897, 7.54989156]}	{'type': 'Point', 'coordinates': [7.54989156, 8.94955897]}	{'id': '01c46739344ba9f6', 'url': 'https://api.twitter.com/1.1/geo/id/01c46739344ba9f6.json', 'place_type': 'admin', 'name': 'Federal Capital Territory', 'full_name': 'Federal Capital Territory, Nigeria', 'country_code': 'NG', 'country': 'Nigeria', 'bounding_box': {'type': 'Polygon', 'coordinates': [[[6.778614, 8.45044], [6.778614, 9.434527], [7.727478, 9.434527], [7.727478, 8.45044]]]}, 'attributes': {}}	None	1240235960606081024	1240235960606081024	St. Peter's Anglican Church, Kurudu, Abuja, FCT	stpeterskurudu	Abuja, Nigeria	St. Peter's Anglican Church, Kurudu, Abuja is a Parish of the Diocese of Kubwa Church of Nigeria (Anglican Communion). A member of the Karshi Archdeaconry.	01c46739344ba9f6	https://api.twitter.com/1.1/geo/id/01c46739344ba9f6.json	admin	Federal Capital Territory	Federal Capital Territory, Nigeria	NG	Nigeria	NULL	Polygon	[[[6.778614, 8.45044], [6.778614, 9.434527], [7.727478, 9.434527], [7.727478, 8.45044]]]	Point	[8.94955897, 7.54989156]	NULL	[7.54989156, 8.94955897]	en
Thu Jun 04 09:26:37 +0000 2020	1268474225532309504	1268474225532309504	COVID-19 UPDATE! 3rd June 2020416 New cases confirmed!#fochridng #FOCHRID #ncdc #ncdcgovnigeria #nigeria‚Ä¶ https://t.co/VrQNxngmCA	True	<a href="http://instagram.com" rel="nofollow">Instagram</a>	None	None	None	None	None	None	None	None	None	2289865693	2289865693	FOCHRID Nigeria	FOCHRID	State Housing Est. Ado Ekiti	FOCHRID is a non-governmental organisation in Nigeria working with youths, women and children on health, education and sustainable livelihood.	NULL	NULL	NULL	NULL	NULL	NULL	NULL	NULL	NULL	NULL	NULL	NULL	NULL	NULL	en
Thu Jun 04 06:01:41 +0000 2020	1268422654794633216	1268422654794633216	Thank you to all our medical personnel. God bless you. ncdcgov #ncdcnigeria #inspirenigeria https://t.co/h7cvdq9BKr	False	<a href="http://instagram.com" rel="nofollow">Instagram</a>	None	None	None	None	None	None	None	None	None	274111770	274111770	·ªåÃÄj·∫πÃÅd√¨ran Samuel Ad√©s·ªçj√≠	Sojilesage	Nigeria	Committed Citizen / Foreign Language Expert (French)	NULL	NULL	NULL	NULL	NULL	NULL	NULL	NULL	NULL	NULL	NULL	NULL	NULL	NULL	en
Thu Jun 04 05:46:39 +0000 2020	1268418869305257984	1268418869305257984	Thank you @NCDCgov . Thank you our front line heroes.#NCDCNIGERIA #InspireNigeria https://t.co/rcPjVAayFS	False	<a href="http://twitter.com/download/android" rel="nofollow">Twitter for Android</a>	None	None	None	None	None	None	None	None	None	274111770	274111770	·ªåÃÄj·∫πÃÅd√¨ran Samuel Ad√©s·ªçj√≠	Sojilesage	Nigeria	Committed Citizen / Foreign Language Expert (French)	NULL	NULL	NULL	NULL	NULL	NULL	NULL	NULL	NULL	NULL	NULL	NULL	NULL	NULL	en
Wed Jun 03 13:50:30 +0000 2020	1268178247231180802	1268178247231180802	Our new farms are out!üåøüåøüçáüçáüåæüåæüíÉü§∏üëç  visit https://t.co/MaDtuizbOc and fund a farm for bumper returns!‚Ä¶ https://t.co/8OFBF4yjlV	True	<a href="http://instagram.com" rel="nofollow">Instagram</a>	None	None	None	None	None	None	None	None	None	1200408997603561472	1200408997603561472	Farmeasy Nigeria	FarmeasyN	Abuja, Nigeria	We are a unique Agribusiness platform that make fund and farming inputs available to farmers in  North-central region of Nigeria throug profitable crowdfunding.	NULL	NULL	NULL	NULL	NULL	NULL	NULL	NULL	NULL	NULL	NULL	NULL	NULL	NULL	en
Tue Jun 02 07:31:21 +0000 2020	1267720445266190338	1267720445266190338	COVID-19 UPDATE! 1st June 2020416 New cases confirmed!#fochridng #FOCHRID #ncdc #ncdcgovnigeria #nigeria‚Ä¶ https://t.co/KWPwMzTxPy	True	<a href="http://instagram.com" rel="nofollow">Instagram</a>	None	None	None	None	None	None	None	None	None	2289865693	2289865693	FOCHRID Nigeria	FOCHRID	State Housing Est. Ado Ekiti	FOCHRID is a non-governmental organisation in Nigeria working with youths, women and children on health, education and sustainable livelihood.	NULL	NULL	NULL	NULL	NULL	NULL	NULL	NULL	NULL	NULL	NULL	NULL	NULL	NULL	en
Tue Jun 02 00:59:52 +0000 2020	1267621925125337088	1267621925125337088	You invest, we insure...one more farm insured... Leadway Assurance üåøüåøüëçüëç#leadwayassurance #agribusiness‚Ä¶ https://t.co/jtWgrD8JHw	True	<a href="http://instagram.com" rel="nofollow">Instagram</a>	None	None	None	None	None	None	None	None	None	1200408997603561472	1200408997603561472	Farmeasy Nigeria	FarmeasyN	Abuja, Nigeria	We are a unique Agribusiness platform that make fund and farming inputs available to farmers in  North-central region of Nigeria throug profitable crowdfunding.	NULL	NULL	NULL	NULL	NULL	NULL	NULL	NULL	NULL	NULL	NULL	NULL	NULL	NULL	en
Tue May 26 09:21:39 +0000 2020	1265211485510340608	1265211485510340608	@NOA_Nigeria @DigiCommsNG @GarbaAbari @NCDCgov @FMICNigeria @CDDWestAfrica @ARISEtv @SituationRoomNg @LSMOH‚Ä¶ https://t.co/ojB4IHcELz	True	<a href="https://mobile.twitter.com" rel="nofollow">Mobile Web (M2)</a>	1265208479029039104	1265208479029039104	404112499	404112499	NOA_Nigeria	None	None	None	None	387154336	387154336	Terna Alibo	TernaAlibo	Ternaland, Nigeria	Independent Contractor	NULL	NULL	NULL	NULL	NULL	NULL	NULL	NULL	NULL	NULL	NULL	NULL	NULL	NULL	en
Wed May 20 19:52:18 +0000 2020	1263195865977630720	1263195865977630720	WHAT DO YOU THINK VIA THIS NUMBERS NCDC IS REPORTING EVERYDAY?#ncdc #ncdcgov #ncdcgovnigeria #ncdcc‚Ä¶ https://t.co/7SsGSVGyaJ	True	<a href="http://instagram.com" rel="nofollow">Instagram</a>	None	None	None	None	None	None	None	None	None	1243477493497171968	1243477493497171968	Jasper_Clothiers	ObinaliJ	NIGERIA	I sell Quality and Stylish wears at affordable priceFollow me on IG and FB @Jasper_ClothiersI'm also an instrumentalist and BloggerI base in Owerri Imo State	NULL	NULL	NULL	NULL	NULL	NULL	NULL	NULL	NULL	NULL	NULL	NULL	NULL	NULL	en
Wed May 20 17:15:50 +0000 2020	1263156490669633536	1263156490669633536	@Vaness__ah Leave $5k isolate yourself first drink plenty water then if the headache persist call NCDCnigeria üòù üòù	False	<a href="http://twitter.com/download/iphone" rel="nofollow">Twitter for iPhone</a>	1263155209775255553	1263155209775255553	886519938	886519938	Vaness__ah	None	None	None	None	1686570338	1686570338	Aldavisons	alexisobi4	Canada	WE ARE Aldavison construction company limited (Everything negative pressure, challenges is all an opportunity for us to rise)	NULL	NULL	NULL	NULL	NULL	NULL	NULL	NULL	NULL	NULL	NULL	NULL	NULL	NULL	en
Wed May 13 21:11:57 +0000 2020	1260679198412345344	1260679198412345344	COVID-19 Testing kits available at White Smith Group LTD#covid19 #pandemic #trending #coronavirus #virus‚Ä¶ https://t.co/JKvoQhGjsH	True	<a href="http://twitter.com/download/iphone" rel="nofollow">Twitter for iPhone</a>	None	None	None	None	None	None	None	None	None	1253587121685880832	1253587121685880832	WHITE SMITH GROUP LTD	wsg_co	Nigeria	Agribusiness, Medical Equipment, Marine, Logistics Support, Construction, Aviation	NULL	NULL	NULL	NULL	NULL	NULL	NULL	NULL	NULL	NULL	NULL	NULL	NULL	NULL	en
Wed May 13 15:21:38 +0000 2020	1260591036214149121	1260591036214149121	COVID-19 Testing kits available at White Smith Group LTD#covid19 #pandemic #trending #coronavirus #virus‚Ä¶ https://t.co/yddMYDjS4R	True	<a href="http://twitter.com/download/iphone" rel="nofollow">Twitter for iPhone</a>	None	None	None	None	None	None	None	None	None	1253587121685880832	1253587121685880832	WHITE SMITH GROUP LTD	wsg_co	Nigeria	Agribusiness, Medical Equipment, Marine, Logistics Support, Construction, Aviation	NULL	NULL	NULL	NULL	NULL	NULL	NULL	NULL	NULL	NULL	NULL	NULL	NULL	NULL	en
Mon May 11 17:37:57 +0000 2020	1259900567654207496	1259900567654207496	Family let's keep at it, safe/social distancing, facemask, infection preventive measures...We sure can flatten the‚Ä¶ https://t.co/Gz4s7Cp7Bb	True	<a href="http://instagram.com" rel="nofollow">Instagram</a>	None	None	None	None	None	None	None	None	None	950439099189596160	950439099189596160	Lavolta Entertainment	LavoltaRecLabel	Lagos, Nigeria	Lavolta Entertainment is a record label/entertainment outfit involved in artist management, music production, distribution, publishing, events and concerts.	NULL	NULL	NULL	NULL	NULL	NULL	NULL	NULL	NULL	NULL	NULL	NULL	NULL	NULL	en
Sun May 10 12:21:08 +0000 2020	1259458447549988864	1259458447549988864	Maintain Social Distancing.COVID-19 is not over with the easing of the lockdown. We can stop the spread now.‚Ä¶ https://t.co/jFRYQc0XbC	True	<a href="http://instagram.com" rel="nofollow">Instagram</a>	None	None	None	None	None	{'type': 'Point', 'coordinates': [6.4527, 7.5103]}	{'type': 'Point', 'coordinates': [7.5103, 6.4527]}	{'id': '01aca86a155c9099', 'url': 'https://api.twitter.com/1.1/geo/id/01aca86a155c9099.json', 'place_type': 'city', 'name': 'Enugu', 'full_name': 'Enugu, Nigeria', 'country_code': 'NG', 'country': 'Nigeria', 'bounding_box': {'type': 'Polygon', 'coordinates': [[[7.454221, 6.377634], [7.454221, 6.504863], [7.586862, 6.504863], [7.586862, 6.377634]]]}, 'attributes': {}}	None	3414536037	3414536037	Chidiebere Ezinwa.	chidi_ezinwa	Enugu, Nigeria	Lecturer and Child's Rights Advocate.Ph.D(Mass Communication), LLB, and BL. Member NBA, APCON,ACCE.	01aca86a155c9099	https://api.twitter.com/1.1/geo/id/01aca86a155c9099.json	city	Enugu	Enugu, Nigeria	NG	Nigeria	NULL	Polygon	[[[7.454221, 6.377634], [7.454221, 6.504863], [7.586862, 6.504863], [7.586862, 6.377634]]]	Point	[6.4527, 7.5103]	NULL	[7.5103, 6.4527]	en
Thu May 07 06:45:25 +0000 2020	1258286800851828736	1258286800851828736	Take Responsibility video is loading....Follow @Stevepraise7 ......#takeresponsibility #ncdcgov‚Ä¶ https://t.co/SQhw7EZxpv	True	<a href="http://instagram.com" rel="nofollow">Instagram</a>	None	None	None	None	None	None	None	None	None	707327345799999488	707327345799999488	Asaph Beat	Stevepraise7	Abuja, Nigeria	Asaph beat is a multi_talented Record Producer, Song writer, Performing Artist, instrumentalists&sound engineer at (POG)	NULL	NULL	NULL	NULL	NULL	NULL	NULL	NULL	NULL	NULL	NULL	NULL	NULL	NULL	en
Tue May 05 19:21:01 +0000 2020	1257752177109544963	1257752177109544963	I think it's time for the world to go on it knees and ask mercy of God....#ncdcgov #ncdcgovnigeria‚Ä¶ https://t.co/UcbjeaaddO	True	<a href="http://instagram.com" rel="nofollow">Instagram</a>	None	None	None	None	None	None	None	None	None	707327345799999488	707327345799999488	Asaph Beat	Stevepraise7	Abuja, Nigeria	Asaph beat is a multi_talented Record Producer, Song writer, Performing Artist, instrumentalists&sound engineer at (POG)	NULL	NULL	NULL	NULL	NULL	NULL	NULL	NULL	NULL	NULL	NULL	NULL	NULL	NULL	en
Mon May 04 19:30:47 +0000 2020	1257392246317617164	1257392246317617164	D cure to covid must be a sample vaccine @ncdcnigeria@GovWike  @abba	False	<a href="http://twitter.com/download/android" rel="nofollow">Twitter for Android</a>	None	None	None	None	None	None	None	None	None	1242718552186064902	1242718552186064902	mercy me	Owoeyeemmanue19	heavenly kingdom	vessel of mercy	NULL	NULL	NULL	NULL	NULL	NULL	NULL	NULL	NULL	NULL	NULL	NULL	NULL	NULL	en
Sun May 03 17:20:18 +0000 2020	1256997022382665728	1256997022382665728	To all our Clients, Referrals and Fans, please Convid 19 is real, just stay safe for usWe love you all‚Ä¶ https://t.co/JAHpnu3Ntz	True	<a href="http://instagram.com" rel="nofollow">Instagram</a>	None	None	None	None	None	None	None	None	None	1081306896475267083	1081306896475267083	De klahsik	DKlahsik	None	None	NULL	NULL	NULL	NULL	NULL	NULL	NULL	NULL	NULL	NULL	NULL	NULL	NULL	NULL	en
Sat May 02 13:15:08 +0000 2020	1256572934648401921	1256572934648401921	#Covid19Pandemic #RoboticDiagnotics see what @fortis_hospital just introduced in a bid to safeguard health workers‚Ä¶ https://t.co/X4Ez4lld74	True	<a href="http://twitter.com/download/android" rel="nofollow">Twitter for Android</a>	None	None	None	None	None	None	None	None	None	1255983576417525762	1255983576417525762	NOKONDEN	JekeenN	Nigeria	Sure-Gate Media Serv. Ltd.; (Marketing Communications Coy.) Exclsv. Distributor/Sales Reps. of Shandong Nokonden Antiepidemic Equipment Co., Ltd. in Nigeria.	NULL	NULL	NULL	NULL	NULL	NULL	NULL	NULL	NULL	NULL	NULL	NULL	NULL	NULL	en
Fri May 01 21:01:42 +0000 2020	1256327963676561408	1256327963676561408	STAY SAFE N STAY GLAMMED....BEAUTY N HYGIENE GOES 2GEDA... We represent safe beautyPhoto credit @EKYSW Muse iren‚Ä¶ https://t.co/xgVuLMgx5f	True	<a href="http://instagram.com" rel="nofollow">Instagram</a>	None	None	None	None	None	None	None	None	None	1686420001	1686420001	EKYS WORLD	EKYSW	Port Harcourt	MUA. For bookings n enquiries call; 08038325078/  08061123045	NULL	NULL	NULL	NULL	NULL	NULL	NULL	NULL	NULL	NULL	NULL	NULL	NULL	NULL	en
Fri May 01 21:01:10 +0000 2020	1256327827441377280	1256327827441377280	STAY SAFE N STAY GLAMMED....BEAUTY N HYGIENE GOES 2GEDA... We represent safe beautyPhoto credit @EKYSW Muse iren‚Ä¶ https://t.co/0TMnqiSSOc	True	<a href="http://instagram.com" rel="nofollow">Instagram</a>	None	None	None	None	None	None	None	None	None	1686420001	1686420001	EKYS WORLD	EKYSW	Port Harcourt	MUA. For bookings n enquiries call; 08038325078/  08061123045	NULL	NULL	NULL	NULL	NULL	NULL	NULL	NULL	NULL	NULL	NULL	NULL	NULL	NULL	en
Fri May 01 21:00:25 +0000 2020	1256327640115343360	1256327640115343360	STAY SAFE N STAY GLAMMED....BEAUTY N HYGIENE GOES 2GEDA... We represent safe beautyPhoto credit @EKYSW Muse iren‚Ä¶ https://t.co/LxhMRyTDlQ	True	<a href="http://instagram.com" rel="nofollow">Instagram</a>	None	None	None	None	None	None	None	None	None	1686420001	1686420001	EKYS WORLD	EKYSW	Port Harcourt	MUA. For bookings n enquiries call; 08038325078/  08061123045	NULL	NULL	NULL	NULL	NULL	NULL	NULL	NULL	NULL	NULL	NULL	NULL	NULL	NULL	en
Fri May 01 20:51:21 +0000 2020	1256325359135363073	1256325359135363073	Happy new and Happy workers dayWe salute the commitment and resilience of all Lagos workers. ..Together we can‚Ä¶ https://t.co/6LzZ233Zi3	True	<a href="http://instagram.com" rel="nofollow">Instagram</a>	None	None	None	None	None	None	None	None	None	784043426107056128	784043426107056128	flstudiosmedia	flstudiosmedia	Nigeria	FL is a design and communications platform set up to enable businesses and individuals display and/or market a product, themselves or a message.	NULL	NULL	NULL	NULL	NULL	NULL	NULL	NULL	NULL	NULL	NULL	NULL	NULL	NULL	en
Thu Apr 30 20:58:01 +0000 2020	1255964648974802949	1255964648974802949	Breaking News: #KanoStateVirus have killed over hundreds of people. Keep lying old man. #NCDCNigeria are not honest‚Ä¶ https://t.co/kqCW7TV2iT	True	<a href="http://twitter.com/download/android" rel="nofollow">Twitter for Android</a>	None	None	None	None	None	None	None	None	None	3564029415	3564029415	Comrade Saviour	Comrade_Saviour	None	A social entrepreneur, Human Rights Activist: crusader of justice, and equity. A campaigner for truth and a writer.In God I Trust.	NULL	NULL	NULL	NULL	NULL	NULL	NULL	NULL	NULL	NULL	NULL	NULL	NULL	NULL	en
Wed Apr 29 16:14:03 +0000 2020	1255530796569550850	1255530796569550850	Ventilators Available. Contact Us TodayEmail:thesourcinghubnigeria@gmail.com+2348057385984+2347033004897‚Ä¶ https://t.co/LCDTbHhcuW	True	<a href="http://twitter.com/download/android" rel="nofollow">Twitter for Android</a>	None	None	None	None	None	None	None	None	None	826108805490540550	826108805490540550	The Sourcing Hub NG	tshnigeria	Nigeria	Hospital and Laboratory Equipments, Reagents, Consumables, Equipments Installation and Maintenance Services, Procurement	NULL	NULL	NULL	NULL	NULL	NULL	NULL	NULL	NULL	NULL	NULL	NULL	NULL	NULL	en
Wed Apr 29 16:10:58 +0000 2020	1255530020493287429	1255530020493287429	Ventilator Available. Contact Us TodayEmail:thesourcinghubnigeria@gmail.com+2348057385984+2347033004897‚Ä¶ https://t.co/qBvWCGKNrx	True	<a href="http://twitter.com/download/android" rel="nofollow">Twitter for Android</a>	None	None	None	None	None	None	None	None	None	826108805490540550	826108805490540550	The Sourcing Hub NG	tshnigeria	Nigeria	Hospital and Laboratory Equipments, Reagents, Consumables, Equipments Installation and Maintenance Services, Procurement	NULL	NULL	NULL	NULL	NULL	NULL	NULL	NULL	NULL	NULL	NULL	NULL	NULL	NULL	en
Wed Apr 29 15:58:27 +0000 2020	1255526872013778945	1255526872013778945	Protective Goggles Available. Contact Us TodayEmail:thesourcinghubnigeria@gmail.com+2348057385984+2347033004897‚Ä¶ https://t.co/Tz4NYfpLdD	True	<a href="http://twitter.com/download/android" rel="nofollow">Twitter for Android</a>	None	None	None	None	None	None	None	None	None	826108805490540550	826108805490540550	The Sourcing Hub NG	tshnigeria	Nigeria	Hospital and Laboratory Equipments, Reagents, Consumables, Equipments Installation and Maintenance Services, Procurement	NULL	NULL	NULL	NULL	NULL	NULL	NULL	NULL	NULL	NULL	NULL	NULL	NULL	NULL	en
Wed Apr 29 15:54:18 +0000 2020	1255525828319985666	1255525828319985666	Face Shield Available. Contact Us TodayEmail:thesourcinghubnigeria@gmail.com+2348057385984+2347033004897‚Ä¶ https://t.co/vSpb26dD2M	True	<a href="http://twitter.com/download/android" rel="nofollow">Twitter for Android</a>	None	None	None	None	None	None	None	None	None	826108805490540550	826108805490540550	The Sourcing Hub NG	tshnigeria	Nigeria	Hospital and Laboratory Equipments, Reagents, Consumables, Equipments Installation and Maintenance Services, Procurement	NULL	NULL	NULL	NULL	NULL	NULL	NULL	NULL	NULL	NULL	NULL	NULL	NULL	NULL	en
Wed Apr 29 15:53:26 +0000 2020	1255525610597875714	1255525610597875714	Face Mask Available. Contact Us TodayEmail:thesourcinghubnigeria@gmail.com+2348057385984+2347033004897#facemask‚Ä¶ https://t.co/io4MuEsEob	True	<a href="http://twitter.com/download/android" rel="nofollow">Twitter for Android</a>	None	None	None	None	None	None	None	None	None	826108805490540550	826108805490540550	The Sourcing Hub NG	tshnigeria	Nigeria	Hospital and Laboratory Equipments, Reagents, Consumables, Equipments Installation and Maintenance Services, Procurement	NULL	NULL	NULL	NULL	NULL	NULL	NULL	NULL	NULL	NULL	NULL	NULL	NULL	NULL	en
Wed Apr 29 15:48:03 +0000 2020	1255524256294862850	1255524256294862850	Contact Us TodayEmail:thesourcinghubnigeria@gmail.com+2348057385984+2347033004897#faceshield #n95facemask #3m‚Ä¶ https://t.co/zeo8YrQlYN	True	<a href="http://twitter.com/download/android" rel="nofollow">Twitter for Android</a>	None	None	None	None	None	None	None	None	None	826108805490540550	826108805490540550	The Sourcing Hub NG	tshnigeria	Nigeria	Hospital and Laboratory Equipments, Reagents, Consumables, Equipments Installation and Maintenance Services, Procurement	NULL	NULL	NULL	NULL	NULL	NULL	NULL	NULL	NULL	NULL	NULL	NULL	NULL	NULL	en
Tue Apr 28 22:16:10 +0000 2020	1255259540183973888	1255259540183973888	#covid-19 improving and expanding testing capacity.#ncdcgovnigeria https://t.co/ZE1M7tTFkM	False	<a href="http://instagram.com" rel="nofollow">Instagram</a>	None	None	None	None	None	None	None	None	None	728237294415708161	728237294415708161	Girls Inspired	girlsInspired_	Lagos, Nigeria	Equipping Girls with 21st century skills using Innovation, Tech, Mentoring , +ve~Reinforcement, Advocacy & Creativity for a better future. STEM | Gender =lity.	NULL	NULL	NULL	NULL	NULL	NULL	NULL	NULL	NULL	NULL	NULL	NULL	NULL	NULL	en
Sat Apr 25 19:57:35 +0000 2020	1254137498646781954	1254137498646781954	Guys pls keep to the rules to stay safe from covid-19, I bet if govt @NCDCNigeria cares about your safety. #day30oflockdown	False	<a href="http://twitter.com/download/android" rel="nofollow">Twitter for Android</a>	None	None	None	None	None	None	None	None	None	1253437466058600449	1253437466058600449	Asaolu Ayodele Folarin	AsaoluFolarin	Lagos, Nigeria	Have HND (Statistics), Bsc (Economics), MBA	NULL	NULL	NULL	NULL	NULL	NULL	NULL	NULL	NULL	NULL	NULL	NULL	NULL	NULL	en
Sat Apr 25 17:19:17 +0000 2020	1254097661558509571	1254097661558509571	This is a welcome development. I think it's high time for #NCDCNigeria to modified it's isolation/quarantine centre‚Ä¶ https://t.co/EDcJ6Pfy9T	True	<a href="http://twitter.com/download/android" rel="nofollow">Twitter for Android</a>	None	None	None	None	None	None	None	None	None	633239412	633239412	Aliyu Musa Yusuf	amyusufu	Nigeria	Neither an optimist nor a persimist but a realist.	NULL	NULL	NULL	NULL	NULL	NULL	NULL	NULL	NULL	NULL	NULL	NULL	NULL	NULL	en
Sat Apr 25 12:06:56 +0000 2020	1254019056224612352	1254019056224612352	What‚Äôs the story behind the spike in confirmed cases in Nigeria? Time for serious work! #stayhome #lockdown‚Ä¶ https://t.co/v9llruZ9A7	True	<a href="http://twitter.com/download/iphone" rel="nofollow">Twitter for iPhone</a>	None	None	None	None	None	None	None	None	None	64947298	64947298	Akin Olaniyan	akinolaniyan	Lagos, Nigeria	Ph.D. Candidate at the University of The Witwatersrand, Johannesburg New Media Specialist | Trainer | Researcher	NULL	NULL	NULL	NULL	NULL	NULL	NULL	NULL	NULL	NULL	NULL	NULL	NULL	NULL	en
Fri Apr 24 07:12:16 +0000 2020	1253582514280640513	1253582514280640513	It is lot safer to be patient than to become a patient. #staysafe #stayhome #stayhomestaysafe #staystrong‚Ä¶ https://t.co/HOVirVGg1f	True	<a href="http://instagram.com" rel="nofollow">Instagram</a>	None	None	None	None	None	{'type': 'Point', 'coordinates': [7.3964, 3.9167]}	{'type': 'Point', 'coordinates': [3.9167, 7.3964]}	{'id': '0065f09a6666479e', 'url': 'https://api.twitter.com/1.1/geo/id/0065f09a6666479e.json', 'place_type': 'city', 'name': 'Ibadan', 'full_name': 'Ibadan, Nigeria', 'country_code': 'NG', 'country': 'Nigeria', 'bounding_box': {'type': 'Polygon', 'coordinates': [[[3.777011, 7.299143], [3.777011, 7.559006], [4.033582, 7.559006], [4.033582, 7.299143]]]}, 'attributes': {}}	None	216265017	216265017	Discovery	Olu_Samkay	Oyo State, Nigeria	Discovery Coach | Provocative Teacher | Social Therapist | Husband | Father | Leading God's people out of ignorance	0065f09a6666479e	https://api.twitter.com/1.1/geo/id/0065f09a6666479e.json	city	Ibadan	Ibadan, Nigeria	NG	Nigeria	NULL	Polygon	[[[3.777011, 7.299143], [3.777011, 7.559006], [4.033582, 7.559006], [4.033582, 7.299143]]]	Point	[7.3964, 3.9167]	NULL	[3.9167, 7.3964]	en
Tue Apr 21 19:25:08 +0000 2020	1252679783982469126	1252679783982469126	PLEASE LEAVE US ALONE - Covid-19 ~ Brought to you by @TundeYusufBlog @whybabz ......#tundeyusuf‚Ä¶ https://t.co/LrAR3B4MdM	True	<a href="http://instagram.com" rel="nofollow">Instagram</a>	None	None	None	None	None	None	None	None	None	1052518913689481216	1052518913689481216	Eventriga TV Nigeria	Eventriga1	Lagos, Nigeria	@eventriga is an event coverage and sharing platform in Nigeria, Africa.#EventsInNigeria	NULL	NULL	NULL	NULL	NULL	NULL	NULL	NULL	NULL	NULL	NULL	NULL	NULL	NULL	en
Sat Apr 18 17:50:40 +0000 2020	1251568846097444864	1251568846097444864	STAY HOME | STAY SAFE | BE PROTECTED | Better Days Ahead #teamm3tv We Love You.. #covid #coviÃád19 #corona‚Ä¶ https://t.co/2e9mR8OuJs	True	<a href="http://instagram.com" rel="nofollow">Instagram</a>	None	None	None	None	None	None	None	None	None	2894553046	2894553046	M3TV¬©	officialm3tv	Lagos, Nigeria...	M3TV, The climax of entertainment, showing on Startimes cable.. for more info & advert placement please call Nelson: +2348066168182	NULL	NULL	NULL	NULL	NULL	NULL	NULL	NULL	NULL	NULL	NULL	NULL	NULL	NULL	en
Sat Apr 18 05:03:22 +0000 2020	1251375746590945280	1251375746590945280	NCDCNigeria did 600 covid-19 test with 6% +ve, in 16weeks did 7100 test with 6% +ve. Statistically this is never an‚Ä¶ https://t.co/gSsK6j1J7H	True	<a href="https://mobile.twitter.com" rel="nofollow">Twitter Web App</a>	None	None	None	None	None	None	None	None	None	1245456280527024132	1245456280527024132	Kayode Owoeye	KayodeOwoeye4	Port Harcourt,Rivers state	Gentle, thoughtful, analytical and critical	NULL	NULL	NULL	NULL	NULL	NULL	NULL	NULL	NULL	NULL	NULL	NULL	NULL	NULL	en
Fri Apr 17 06:22:26 +0000 2020	1251033257128402949	1251033257128402949	UNITY is all we need!! The proven weapon against a common enemy! @AJEnglish @UNDPNigeria @EUCouncil @ngBritishArts‚Ä¶ https://t.co/w9vr2owbAY	True	<a href="http://twitter.com/download/android" rel="nofollow">Twitter for Android</a>	1251033252879613953	1251033252879613953	1019160730942263296	1019160730942263296	aniszang	None	None	None	None	1019160730942263296	1019160730942263296	ANISZA Foundation & Gallery	aniszang	Nigeria	ANISZA Foundation is a centre promoting PEACE by celebrating our commonalities as Nigerians and addressing unresolved issues through various forms of art.	NULL	NULL	NULL	NULL	NULL	NULL	NULL	NULL	NULL	NULL	NULL	NULL	NULL	NULL	en
Thu Apr 16 22:01:56 +0000 2020	1250907304884658179	1250907304884658179	The statement of@ncdcnigeria boss on the spread of covid19 is not encouraging, as a professional he shouldn't have‚Ä¶ https://t.co/Wcqqe3IAUH	True	<a href="http://twitter.com/download/android" rel="nofollow">Twitter for Android</a>	None	None	None	None	None	None	None	None	None	1054124385131479044	1054124385131479044	Muhammad Buhary	BMAbdullahi1	Sokoto, Nigeria	we are nothing but pencils in the hands of the Creator.	NULL	NULL	NULL	NULL	NULL	NULL	NULL	NULL	NULL	NULL	NULL	NULL	NULL	NULL	en
Wed Apr 15 22:28:16 +0000 2020	1250551542572355590	1250551542572355590	Maintain SOCIAL DISTANCING, WHEN THERE IS LIFE THERE IS HOPE.#coviÃád19 #stayhome #stayhealthy #ncdc‚Ä¶ https://t.co/v1YJfsuQI0	True	<a href="http://instagram.com" rel="nofollow">Instagram</a>	None	None	None	None	None	None	None	None	None	2351875500	2351875500	Promedia	Promedia0	None	i-Design Logo, fliers, billboard, product. i-Brand,  i-Shoot.Cooperate gift for parties. We visualize your world...	NULL	NULL	NULL	NULL	NULL	NULL	NULL	NULL	NULL	NULL	NULL	NULL	NULL	NULL	en
Mon Apr 13 22:05:46 +0000 2020	1249821103909785601	1249821103909785601	I use God Tay beg una ncdcgov üôèüôèüôè stop eeett#ncdcgov #ncdc #ncdcgovnigeria #government https://t.co/qbSuVROrHI	False	<a href="http://instagram.com" rel="nofollow">Instagram</a>	None	None	None	None	None	None	None	None	None	1090027585671778310	1090027585671778310	COMIC SUGAR DADDY ü§†	mai_comediancfr	Lagos, Nigeria	Standup-comedian/weddingmc/actor/model/videographer/video editor/producer/ChefIG @mai_comediancfrcrushing on @cuppymusic ‚ù£Ô∏èü•∫‚ù£Ô∏è#obaofmic #avatarofcomedy	NULL	NULL	NULL	NULL	NULL	NULL	NULL	NULL	NULL	NULL	NULL	NULL	NULL	NULL	en
Mon Apr 13 06:48:36 +0000 2020	1249590290400325636	1249590290400325636	Happy New Week. Hope you are staying safe.#goodmorning # staysafe #coro #coronav√≠rus #coviÃád19 #sanitizer‚Ä¶ https://t.co/B94hYCewvV	True	<a href="http://twitter.com/download/android" rel="nofollow">Twitter for Android</a>	None	None	None	None	None	None	None	None	None	1620098900	1620098900	Nnegeli	Nnegeli	None	Nigeria's No 1 brandICT + SME + Property + Income GrowthCall- 09057257706Email-Nnewwhq@gmail.com	NULL	NULL	NULL	NULL	NULL	NULL	NULL	NULL	NULL	NULL	NULL	NULL	NULL	NULL	en
Sat Apr 11 22:27:15 +0000 2020	1249101735303319552	1249101735303319552	#coviÃád19 #covid #stayhome #or #become #an #actor #ncdc #ncdcgov #ncdcgovnigeria Stay at home or or become an actor‚Ä¶ https://t.co/2xnSVGXhR4	True	<a href="http://instagram.com" rel="nofollow">Instagram</a>	None	None	None	None	None	None	None	None	None	155548387	155548387	DOAP LTD	DoapLtd	EAST HAM,LONDON	We a small company doing big things!	NULL	NULL	NULL	NULL	NULL	NULL	NULL	NULL	NULL	NULL	NULL	NULL	NULL	NULL	en
Fri Apr 10 10:00:09 +0000 2020	1248551332832858113	1248551332832858113	#staysafe #staysafeeveryone #ncdcgovnigeria #ncdcgov #healtheducation #healtheducationforeveryone‚Ä¶ https://t.co/pi3c7Z56Kq	True	<a href="http://twitter.com/download/iphone" rel="nofollow">Twitter for iPhone</a>	None	None	None	None	None	None	None	None	None	1146776296950603776	1146776296950603776	ACT Agribusiness	Actagribusiness	Abuja, Nigeria	We are Africa's #1 Mechanisation services provider	NULL	NULL	NULL	NULL	NULL	NULL	NULL	NULL	NULL	NULL	NULL	NULL	NULL	NULL	und
Thu Apr 09 12:22:52 +0000 2020	1248224862033903620	1248224862033903620	No punishment from NCDC on UITH Professor ‚Äî NCDCNigeria ‚Äî The Guardian Nigeria News ‚Äì Nigeria and World News‚Ä¶ https://t.co/00J9uumlrb	True	<a href="http://publicize.wp.com/" rel="nofollow">WordPress.com</a>	None	None	None	None	None	None	None	None	None	1217293817210200064	1217293817210200064	NwokeAgulu	AguluNwoke	England, United Kingdom	News | Media | Entertainment | Advertisement | Blogging | Now your turn to say who you areüëàüèæüëâüèæ #followmeüö∂üèø‚Äç‚ôÇÔ∏è #mrfollowfollowüòé	NULL	NULL	NULL	NULL	NULL	NULL	NULL	NULL	NULL	NULL	NULL	NULL	NULL	NULL	en
Tue Apr 07 09:06:17 +0000 2020	1247450613543297024	1247450613543297024	@NCDCNigeria, what responsibility are you expecting us to take, after locking us down under this harsh weather?....‚Ä¶ https://t.co/Cn2uL8sMMB	True	<a href="http://twitter.com/download/android" rel="nofollow">Twitter for Android</a>	None	None	1243958240142073856	1243958240142073856	None	None	None	None	None	1182595307680522240	1182595307680522240	Mixta mj	Mujahee79685746	Garki Abuja, Nigeria.	Public Administrator, political Scientist, feminist, analyst, democrats, optimists,radicalist, advocate 4gud governance, easy going, and #proudlyOmoüá≥üá¨...!.	NULL	NULL	NULL	NULL	NULL	NULL	NULL	NULL	NULL	NULL	NULL	NULL	NULL	NULL	en
Mon Apr 06 10:34:41 +0000 2020	1247110470684860417	1247110470684860417	#coronavirus #corona #ncdcgovnigeria #sanwoolu #tundeednut #lindaikeji #falzthebahdguy @ Palm avenue, Mushin https://t.co/TjpOHciXpd	False	<a href="http://instagram.com" rel="nofollow">Instagram</a>	None	None	None	None	None	{'type': 'Point', 'coordinates': [6.53674594, 3.35227838]}	{'type': 'Point', 'coordinates': [3.35227838, 6.53674594]}	{'id': '00817d75276a95cf', 'url': 'https://api.twitter.com/1.1/geo/id/00817d75276a95cf.json', 'place_type': 'city', 'name': 'Lagos', 'full_name': 'Lagos, Nigeria', 'country_code': 'NG', 'country': 'Nigeria', 'bounding_box': {'type': 'Polygon', 'coordinates': [[[3.213147, 6.427886], [3.213147, 6.558339], [3.464064, 6.558339], [3.464064, 6.427886]]]}, 'attributes': {}}	None	259407726	259407726	KaYb¬£‚Ç¨‚Ñ¢	keebyjay	Lagos, Nigeria	None	00817d75276a95cf	https://api.twitter.com/1.1/geo/id/00817d75276a95cf.json	city	Lagos	Lagos, Nigeria	NG	Nigeria	NULL	Polygon	[[[3.213147, 6.427886], [3.213147, 6.558339], [3.464064, 6.558339], [3.464064, 6.427886]]]	Point	[6.53674594, 3.35227838]	NULL	[3.35227838, 6.53674594]	en
Sat Apr 04 09:48:05 +0000 2020	1246373969122525184	1246373969122525184	Stay healthy! Keep safe! Drink water! Stay Hydrated! #stayhome  #digit1solution #lagosnigeria #naijanews #abuja‚Ä¶ https://t.co/eGgRwkA3f6	True	<a href="http://instagram.com" rel="nofollow">Instagram</a>	None	None	None	None	None	None	None	None	None	789000649	789000649	Digit One Solution	digit1solution	None	Digit One solution, branding and advert experts, project managers, consultants and procurement and general contracting.	NULL	NULL	NULL	NULL	NULL	NULL	NULL	NULL	NULL	NULL	NULL	NULL	NULL	NULL	en
Thu Apr 02 19:21:41 +0000 2020	1245793545274961923	1245793545274961923	This storm will pass#GiveHope#CMDANigeria#covid19#NCDCNigeria#FMOHNigeria https://t.co/WAX3cxOO0X	False	<a href="http://twitter.com/download/android" rel="nofollow">Twitter for Android</a>	None	None	None	None	None	None	None	None	None	1242022090305404929	1242022090305404929	Nwankwo Vivian	NwankwoVivian18	None	None	NULL	NULL	NULL	NULL	NULL	NULL	NULL	NULL	NULL	NULL	NULL	NULL	NULL	NULL	en
Mon Mar 30 07:06:56 +0000 2020	1244521475132047365	1244521475132047365	2/2 #alabiamohealthoutreach #CodVid19 #Coronavirus #alabiamofoundation #publichealth  #quarantine‚Ä¶ https://t.co/Gc83PxG3qX	True	<a href="http://twitter.com/download/iphone" rel="nofollow">Twitter for iPhone</a>	1244521453242011648	1244521453242011648	742663651098787841	742663651098787841	alabiamoFDN	None	None	None	None	742663651098787841	742663651098787841	#GivingTuesday	alabiamoFDN	Nigeria	A nonprofit organization working to reduce maternal and infant mortality and morbidity in Africa's urban-poor cities. #GiveHerAccess Donateüëáüèæ	NULL	NULL	NULL	NULL	NULL	NULL	NULL	NULL	NULL	NULL	NULL	NULL	NULL	NULL	und
Sun Mar 29 21:15:54 +0000 2020	1244372736438423559	1244372736438423559	#ncdcnigeria https://t.co/AfMRwfJcBi	False	<a href="https://mobile.twitter.com" rel="nofollow">Twitter Web App</a>	None	None	None	None	None	None	None	None	None	370146660	370146660	Isaiah A	SirAizzy	None	None	NULL	NULL	NULL	NULL	NULL	NULL	NULL	NULL	NULL	NULL	NULL	NULL	NULL	NULL	und
Sat Mar 28 20:27:03 +0000 2020	1243998057731108864	1243998057731108864	Governor of Kaduna state Nasir El-Rufai tests positive for coronavirus. He is in self-isolation as required by the‚Ä¶ https://t.co/walcNJpuOc	True	<a href="http://twitter.com/download/android" rel="nofollow">Twitter for Android</a>	None	None	None	None	None	None	None	None	None	2432565806	2432565806	Anambra Broadcasting Service	absradiotv	Anambra	Anambra Broadcasting Service (ABS) is a public service broadcaster (2 Radio & 2 TV stations) owned by the Anambra state government of Nigeria.	NULL	NULL	NULL	NULL	NULL	NULL	NULL	NULL	NULL	NULL	NULL	NULL	NULL	NULL	en
Sat Mar 28 15:45:24 +0000 2020	1243927175138611200	1243927175138611200	Buhari waves after a meeting with the Minister of Health and Director General of @ncdcnigeria today at the State Ho‚Ä¶ https://t.co/CMvqSnkBCV	True	<a href="http://twitter.com/download/android" rel="nofollow">Twitter for Android</a>	None	None	None	None	None	None	None	None	None	1237888736639225856	1237888736639225856	Ahmed Adam	AhmedAd38929707	None	None	NULL	NULL	NULL	NULL	NULL	NULL	NULL	NULL	NULL	NULL	NULL	NULL	NULL	NULL	en
Sat Mar 28 12:35:05 +0000 2020	1243879279533965314	1243879279533965314	Are you exhibiting symptoms of Coronavirus? First up self isolate then call the state hot line. #ncdcgovnigeria‚Ä¶ https://t.co/r0nx5Oji7t	True	<a href="http://instagram.com" rel="nofollow">Instagram</a>	None	None	None	None	None	None	None	None	None	1201884994517504005	1201884994517504005	Dr. Dolapo Fasawe	drdolapofasawe	Lagos, Nigeria	General Manager, Lagos State Environmental Protection Agency (LASEPA)	NULL	NULL	NULL	NULL	NULL	NULL	NULL	NULL	NULL	NULL	NULL	NULL	NULL	NULL	en
Mon Mar 23 10:35:48 +0000 2020	1242037322167836672	1242037322167836672	Instead of the reduction in fuel price if the aim is to really stop movement and social gatherings pls can #Nigeria‚Ä¶ https://t.co/NWN3ehSa4X	True	<a href="http://twitter.com/download/iphone" rel="nofollow">Twitter for iPhone</a>	None	None	None	None	None	None	None	None	None	1088338036725874688	1088338036725874688	Dorcas	Dorcas_Bee	Federal Capital Territory, Nig	Medical Studentü§ì, foodieüòã,witty,‚ù§God.	NULL	NULL	NULL	NULL	NULL	NULL	NULL	NULL	NULL	NULL	NULL	NULL	NULL	NULL	en
Sun Mar 22 09:03:33 +0000 2020	1241651719160938496	1241651719160938496	@NCDCgov@nigerianams@cdc@ncdcNigeria@nsmnigeria@asm@sfam@profkite https://t.co/ltkbYrhgjB	False	<a href="http://twitter.com/download/android" rel="nofollow">Twitter for Android</a>	None	None	705694814612938752	705694814612938752	NCDCgov	None	None	None	None	1197521276312662021	1197521276312662021	Ayibakeme	Aayibanua	Earth	üîîüîîTurn_on_notifications‚ÜóÔ∏è¬∂ CEO ¬∂ WRITER ¬∂ BLOGGER ¬∂ DM for business or promotions only ¬∂I always Follow back. Check my followingManchester United FAN ‚ô•Ô∏è	NULL	NULL	NULL	NULL	NULL	NULL	NULL	NULL	NULL	NULL	NULL	NULL	NULL	NULL	und
Sun Mar 22 07:40:15 +0000 2020	1241630755756933121	1241630755756933121	As a proud Microbiologist I stand with NAMS to say no to COVID19@nigerianams@cdc@ncdcNigeria‚Ä¶ https://t.co/JU9zHMei1j	True	<a href="http://twitter.com/download/android" rel="nofollow">Twitter for Android</a>	None	None	None	None	None	None	None	None	None	1155384987665014784	1155384987665014784	Ihezuonu Obinna Jasper	IhezuonuJ	None	Microbiologistüî¨	NULL	NULL	NULL	NULL	NULL	NULL	NULL	NULL	NULL	NULL	NULL	NULL	NULL	NULL	en
Thu Mar 19 10:37:29 +0000 2020	1240588194522988544	1240588194522988544	Sharing tips to stay self and protect your self during this period and also practical steps.Video credit bosunsha‚Ä¶ https://t.co/0Sn86QyjnU	True	<a href="http://instagram.com" rel="nofollow">Instagram</a>	None	None	None	None	None	None	None	None	None	310405825	310405825	Lulu	tolulopeajibola	Lagos 	TV/Fashion Host. Breaking boundaries with my words one step at a time	NULL	NULL	NULL	NULL	NULL	NULL	NULL	NULL	NULL	NULL	NULL	NULL	NULL	NULL	en
Sat Mar 14 09:19:40 +0000 2020	1238756674732797953	1238756674732797953	Let‚Äôs remember to spread love and not discrimination, facts &amp; not fears this period of Coronavirus outbreakTo get‚Ä¶ https://t.co/P8Cu8krlkc	True	<a href="http://twitter.com/download/iphone" rel="nofollow">Twitter for iPhone</a>	None	None	None	None	None	None	None	{'id': '011a942e0a0e8fb2', 'url': 'https://api.twitter.com/1.1/geo/id/011a942e0a0e8fb2.json', 'place_type': 'admin', 'name': 'Lagos', 'full_name': 'Lagos, Nigeria', 'country_code': 'NG', 'country': 'Nigeria', 'bounding_box': {'type': 'Polygon', 'coordinates': [[[2.706304, 6.370388], [2.706304, 6.698546], [4.350022, 6.698546], [4.350022, 6.370388]]]}, 'attributes': {}}	None	742663651098787841	742663651098787841	#GivingTuesday	alabiamoFDN	Nigeria	A nonprofit organization working to reduce maternal and infant mortality and morbidity in Africa's urban-poor cities. #GiveHerAccess Donateüëáüèæ	011a942e0a0e8fb2	https://api.twitter.com/1.1/geo/id/011a942e0a0e8fb2.json	admin	Lagos	Lagos, Nigeria	NG	Nigeria	NULL	Polygon	[[[2.706304, 6.370388], [2.706304, 6.698546], [4.350022, 6.698546], [4.350022, 6.370388]]]	NULL	NULL	NULL	NULL	en
Sun Mar 01 12:53:16 +0000 2020	1234099386277416960	1234099386277416960	@DrJoeAbah One of the few agencies in Nigeria I have faith in is NCDCNigeria. Kudos to them	False	<a href="http://twitter.com/download/android" rel="nofollow">Twitter for Android</a>	1233989553008119809	1233989553008119809	2257546388	2257546388	DrJoeAbah	None	None	None	None	408336967	408336967	Icon Living	Ugo_Alfred	Benin-City, Nigeria	Biomedical scientist *Data Analyst *medical vampire üíâand public health personnel	NULL	NULL	NULL	NULL	NULL	NULL	NULL	NULL	NULL	NULL	NULL	NULL	NULL	NULL	en
